Date,200.0,400.0,600.0,800.0,1000.0,1400.0,1600.0,1800.0,2000.0,2200.0,2400.0,2600.0,2800.0,3000.0,3100.0,3200.0,3300.0,3400.0,3500.0,3550.0,3600.0,3650.0,3700.0,3800.0,3825.0,3850.0,3900.0,4000.0,4025.0,4050.0,4100.0,4150.0,4200.0,4300.0,4350.0,4400.0,4500.0,4550.0,4600.0,4625.0,4650.0,4700.0,4725.0,4750.0,4775.0,4800.0,4825.0,4850.0,4875.0,4900.0,4925.0,4950.0,4975.0,5000.0,5025.0,5050.0,5075.0,5100.0,5125.0,5150.0,5175.0,5200.0,5225.0,5250.0,5275.0,5300.0,5325.0,5350.0,5375.0,5400.0,5425.0,5450.0,5475.0,5500.0,5550.0,5600.0,5650.0,5700.0,5800.0,5900.0,6000.0,6200.0,6400.0,6600.0
2023-03-09,3742.59,,,,,,,,,,,,1311.69,1132.23,1053.73,,,,655.65,,,,,,,,375.98,308.34,294.11,281.1,270.15,271.05,216.15,187.2,144.29,119.91,84.6,72.42,63.58,,49.0,41.35,,33.8,,28.9,,,,19.57,,16.14,,12.91,,,,8.93,,,,7.0,,,,,,,,4.0,,,,,,,,,,,,0.65,0.32,0.25
2023-03-22,3748.2,,,,,,,,,,,,,,,,,,,688.1,,,,,,,,333.3,,326.92,279.66,,243.41,181.29,,135.35,79.24,65.98,67.7,,55.9,35.62,,,,23.29,,18.7,,19.34,,15.82,,13.65,,11.2,,9.34,,,,6.97,,,,,,,,3.8,,,,,,2.25,,,1.0,,0.7,0.4,,
2023-03-23,3731.8,,,,,,,,,,,,,1091.22,,,,,,,,,,481.78,,,,314.19,,291.43,253.88,247.1,198.86,151.07,128.2,125.22,96.48,75.28,55.5,,,,,,,24.97,,20.19,,18.26,,,,,,10.28,,8.38,,,,6.3,,,,,,,,3.7,,,,,,,,,1.25,,0.65,,,
2023-05-01,3929.88,3740.33,3548.18,3354.76,3164.38,,,,2205.83,,,,,1277.48,,,,,830.16,,,,,,558.59,,,431.54,414.62,,369.07,,300.7,,207.9,172.7,124.7,104.3,86.31,,69.2,55.5,,44.1,,34.89,,,,21.94,,,,14.2,,,,9.6,,,,6.75,,,,,,,,3.6,,,,,,,,,1.25,,0.8,0.5,,
2023-05-02,3884.88,3700.29,3498.73,,3116.78,,,,,,,,,1201.74,,,,,769.05,,,,,528.16,508.56,489.49,,383.86,,356.1,318.95,301.07,253.67,216.84,173.14,147.71,102.1,82.41,70.0,,57.6,45.0,,38.5,,27.19,,,,18.0,,,,11.7,,10.76,,7.62,,,,5.45,,,,,,,,2.95,,,,,,1.75,,,,,0.7,0.5,0.3,
2023-05-03,3858.4,3692.32,,3313.03,,2737.53,,,,,,,,,,,,,,,,,,,,,,378.16,,369.43,,294.76,,190.4,163.47,151.7,95.8,81.4,70.0,,61.0,41.18,,37.0,,25.2,,20.8,,19.8,,15.0,,10.64,,9.7,,,,,,5.74,,,,,,,,3.0,,,,,,1.9,,,1.2,,,,,
2023-05-10,3879.88,3714.72,3514.5,3327.15,3128.73,,,,,,,,,1230.32,,,,,,742.68,,,,,,,,,,344.4,,278.44,256.2,202.63,175.03,154.4,101.2,89.7,72.9,,56.5,41.4,,,,,,,,16.44,,13.71,,,,,,,,,,5.0,,,,,,,,,,,,,,,,,0.95,,0.55,,,
2023-05-17,3889.25,,,,,,,,,,,,,,,,,900.29,,,,681.14,,558.56,517.77,498.49,481.93,407.2,,,342.96,304.03,271.9,199.05,171.0,150.0,,77.6,67.49,,,36.98,,29.5,,26.5,,20.75,,16.25,,12.27,,10.3,,,,7.0,,,,4.9,,,,,,,,2.6,,,,,,1.25,,,,,,0.3,,
2023-05-23,3930.58,3728.76,,,3159.08,,,,,,,,,,,,,,,,,,,,,540.45,504.1,413.3,385.39,365.72,333.79,301.51,261.66,,,148.3,,93.67,66.26,,58.9,41.0,,,,24.9,,19.55,,15.46,,12.25,,10.6,,,,7.0,,,,,,,,,,,,,,,,,,1.35,,,0.65,,0.4,,,0.1
2023-06-01,4002.67,3796.6,,,,,,,,,,,,,,,,,,,755.61,,,,,,495.4,432.78,,408.33,350.98,313.2,299.8,228.74,184.8,169.3,117.61,83.5,80.0,,62.3,49.2,,37.55,,30.05,,22.12,,18.05,,,,11.36,,9.0,,,,,,4.71,,,,,,,,2.13,,,,,,1.08,,,0.65,,,,,0.1
2023-06-05,4050.93,,,,,,,,,,,,,1363.4,,,,1012.33,,,,,,,,600.73,,485.88,476.51,452.2,418.77,364.78,336.15,259.4,236.82,,141.65,125.0,103.77,,77.4,63.4,,49.0,,38.5,,31.89,,,,19.87,,14.1,,,,9.6,,,,5.6,,,,,,,,2.86,,,,,,1.45,,,,,0.5,,,
2023-06-13,4144.33,,,,,,,,,,,,,1448.75,,,,,,,,,799.38,,,667.7,634.79,549.65,516.04,,470.89,428.27,378.11,314.5,277.0,245.2,179.26,,126.37,,104.64,84.4,,69.78,,53.7,,42.4,,32.9,,25.9,,20.2,,16.09,,12.3,,,,7.55,,,,,,,,3.28,,,,,,1.65,,,0.8,,0.37,,0.15,0.1
2023-06-15,4200.65,,,,,,,,,,,,,,,,,,,,,,,,,,,,,,,,434.09,359.98,322.92,292.08,224.66,188.4,156.2,,134.6,111.4,,93.22,,72.2,,56.6,,46.99,,36.88,,27.9,,,,17.0,,,,11.1,,,,,,,,3.5,,,,,,2.22,,,1.16,,0.5,0.3,,0.12
2023-06-16,4191.29,,,3611.39,3416.88,,,,,,,,,,,,,,,,,,,770.76,,,682.47,588.13,,556.67,515.99,,,365.8,309.73,,213.22,195.98,161.13,,137.69,108.4,,86.3,,66.32,,55.5,,42.9,,34.0,,25.6,,19.6,,16.06,,,,10.35,,,,,,,,4.8,,,,,,2.0,,,,,,0.2,,
2023-06-21,4148.17,3956.99,,,3383.05,,,,2417.53,,,,,1452.04,,,,,,,,,,,,,,551.47,,,,424.34,385.46,308.74,272.69,251.5,184.81,149.78,131.8,115.06,101.1,89.18,73.62,65.9,62.99,55.86,,42.53,,30.44,,23.8,,17.84,,13.9,,10.3,,,,6.48,,,,4.3,,,,,,,,1.95,,1.3,,0.95,,,0.3,0.1,0.05,0.05
2023-06-23,4132.9,,,,,,,,,,,,,1432.08,,,,,,,,,,,,,,525.0,507.56,484.12,,,365.16,297.23,259.34,221.85,163.87,,111.91,,91.32,71.91,,,,42.4,,,,25.65,,20.13,,14.85,,,,8.3,,,,,,,,,,,,,,,,,,0.85,,,,,0.2,,,
2023-06-28,4155.94,,,,,,,,,,,,,,,,,,,,,838.09,,705.64,,,615.94,546.5,,494.55,450.0,411.94,376.21,306.92,,233.56,170.49,135.5,117.0,,95.2,70.7,68.15,54.95,48.26,44.13,38.1,32.63,,25.79,,19.72,,16.0,,,,8.42,,,,,,,,,,,,,,,,,,,,,0.35,,0.17,0.05,0.05,
2023-06-30,4218.31,,,,,,,,,,,,,,,,,,,,,,,770.51,,,,598.44,566.58,563.41,520.12,479.88,430.9,353.97,320.01,278.16,213.14,177.97,152.23,,125.5,102.51,84.69,79.53,71.93,61.86,,48.54,,39.2,,29.7,,22.0,,16.75,,12.65,,,,7.55,,,,4.3,,,,,,,,,,1.1,,,,,0.3,,,
2023-07-06,4167.6,,,,,,,,,,,1868.28,1659.81,1482.93,,,,,995.53,,904.38,860.12,815.48,744.42,,,,,,,488.82,,393.54,321.76,281.53,255.4,191.49,,134.6,,105.39,84.7,78.84,67.4,,54.19,46.81,,34.77,31.7,,22.8,,17.4,,13.0,,10.2,,,,5.55,,,,3.3,,,,,,,,1.2,,,,,0.5,,,,,
2023-07-07,4210.34,3992.04,,,,,,,,,,,,,,,,,,,,,,,,,,,,530.02,,,,341.2,,250.4,184.72,,130.7,,110.79,94.8,,75.56,59.39,54.49,,38.6,36.63,30.2,,,,16.0,,15.3,,,,,,5.0,,,,,,,,,,,,1.1,,,,0.5,,,0.25,,,0.1
2023-07-10,4183.33,3984.84,,,,,,,,,,,,,,1289.12,,,1008.87,,,,,,,,,561.28,,,,436.82,394.53,,281.56,251.22,186.14,152.09,125.3,116.15,,79.46,,64.08,,48.53,42.4,37.1,,27.7,,,,15.3,,11.4,,,,,,4.7,,,,2.7,,,,1.5,,,,1.0,,0.7,,0.44,,,0.15,,,
2023-07-12,4255.9,4072.0,3878.1,,,,,,,,,,,,,,,,,,981.63,,,798.63,,,,617.37,,,534.0,,448.5,363.04,324.26,295.87,219.18,183.3,153.43,142.88,132.96,106.6,96.9,81.3,73.74,62.99,57.14,48.32,44.22,37.07,,27.42,,20.96,,15.5,,12.0,,,,6.22,,,,3.48,,,,,,,,1.42,,,,0.64,0.45,,0.3,,,
2023-07-13,4275.3,,3897.5,,,,,,,,,,,,,,,,,,,,,,,,,637.4,,,550.5,505.24,463.36,389.82,352.05,306.6,245.47,208.2,170.5,153.78,139.45,121.95,101.4,95.89,86.22,77.16,68.43,58.64,52.8,44.92,,33.9,,25.5,,18.9,,13.9,,,,7.5,,,,4.07,,,,2.42,,,,1.55,,1.0,,,0.5,,0.2,,,
2023-07-14,4302.1,,,,,,,,,,,,,,,,,,,,,,,835.08,,,,,,,,525.06,,397.46,348.17,315.54,235.86,211.13,170.47,,141.7,114.13,,92.9,,72.84,64.05,56.4,,43.4,,32.7,,24.5,,18.2,,13.5,,,,7.3,,,,4.2,,,,2.35,,,,1.75,,1.02,,,0.55,,0.2,,,
2023-07-19,4345.57,,,,,,,,2597.56,,,,,,,,,1260.0,1153.42,,,,,885.0,,,,697.7,,,608.0,571.19,525.4,,396.19,356.58,279.0,248.9,214.9,202.07,179.13,153.6,136.5,125.4,114.1,102.24,91.77,81.5,72.7,64.7,57.2,52.1,44.39,38.05,,30.7,,23.0,,,,12.7,,,,7.5,,,,4.4,,,,2.65,,1.75,,1.1,0.7,,0.3,,,
2023-07-20,4317.85,,,,3552.14,,,,2588.77,,,,,1621.68,,,,,,,,,,,,,,670.0,658.13,638.18,582.61,546.42,,415.25,,335.38,266.0,232.82,197.65,,,135.15,131.18,109.35,99.46,88.54,77.19,69.72,66.43,53.26,,42.5,40.14,31.28,,24.4,,17.6,,,,10.08,,,,6.6,,,,3.85,,,,2.32,,,,1.0,0.65,,,,,
2023-08-01,4364.31,,,,,,,,,,,,,1643.99,,,,,,,,,,889.46,,,,,,,,,525.04,,398.33,,,246.33,217.48,197.58,,154.2,,127.35,111.5,100.25,89.67,79.3,71.32,62.1,55.99,49.83,,36.3,,27.14,,21.39,18.3,15.3,,11.0,,8.14,,,,,,3.4,,,,2.17,,,,,0.6,,0.3,0.15,,
2023-08-02,4299.83,,,,,,,,,,,,,1586.79,,,,,,,,,,832.48,,,,,,,,523.18,481.07,,,321.69,248.0,216.1,182.4,170.21,154.98,125.9,,105.16,,80.6,73.86,63.7,58.04,48.3,44.1,38.6,33.82,29.7,,,,16.1,13.0,12.1,,8.75,,7.2,,4.52,,,,2.57,,,,1.7,,,,0.75,,,0.25,,,
2023-08-03,4279.5,,,,,,,,,,,,,,,,,1201.5,,,,,,,,,,639.47,,,,,460.77,393.0,,310.38,240.0,210.77,172.1,157.6,144.02,118.7,106.2,96.06,,75.7,,62.2,54.3,45.8,39.8,35.2,29.8,25.85,22.01,,,13.94,,10.25,,7.4,,,,,,,,2.3,,,,1.5,,,,0.65,0.45,,0.2,,,
2023-08-04,4306.0,,,,,,,,,,,,,,,,,,,1030.19,,,,831.3,,,740.22,665.57,,,,490.99,453.2,366.5,364.81,,224.55,209.0,158.91,147.39,145.11,125.26,,101.17,75.3,68.0,60.76,56.06,54.54,40.2,34.4,28.95,,21.45,23.1,16.5,13.8,12.1,,10.0,,6.0,,,,,,,,2.1,,,,1.2,,0.82,,0.55,0.45,,0.15,0.2,,
2023-08-07,4284.48,,,,,,2936.06,,,,,,1753.03,,,,,,,,,945.43,,,,,,648.33,,,,,466.32,,,,237.28,,170.02,158.23,146.0,117.0,105.66,93.0,85.57,72.9,63.77,55.45,,,37.42,32.4,27.21,24.65,,17.7,,12.6,11.05,9.26,,6.74,,5.0,,,,,,,,,,,,0.75,,0.5,0.45,,,0.15,,
2023-08-08,4263.5,,,,,,,,,,,,,,,,,,,,,,,,762.88,,,630.8,,576.89,521.92,479.35,459.98,369.38,,293.38,222.59,184.1,163.07,141.9,,,91.74,87.5,78.27,64.73,,50.6,42.83,38.0,32.0,28.32,25.8,21.8,17.63,15.6,12.6,11.1,,,,6.02,,,,,,,,1.85,,,,1.15,,0.75,,0.55,0.4,,,0.1,,
2023-08-09,4265.24,,,,,,,,,,,,,,,,,,,,,,,,,,,602.27,,,534.74,474.99,436.46,367.67,329.08,281.79,212.41,179.31,161.67,,,,,85.63,75.8,63.5,,51.07,,33.5,31.5,28.76,,18.4,16.8,14.1,10.8,9.53,8.48,6.9,,4.83,,3.57,,2.62,,,,,,,,1.0,,,,,0.35,,,,,
2023-08-25,4173.77,,,,,,,,,,,,,,,,,,,,,,,,,,,,,,,,,,229.24,219.8,155.89,116.5,100.39,82.54,,,,,,31.95,,20.37,,18.76,,,,9.1,,6.6,5.5,3.93,,3.1,,2.6,,1.82,,1.52,,,,1.0,,,,,,0.4,,,0.25,,0.12,,,
2023-08-30,4298.36,4085.6,,,,,2930.1,,,,,,,,,,,,,,,,,,,,,,,,535.0,,450.17,,324.5,285.34,210.3,,150.03,134.95,117.77,95.13,,74.41,64.4,55.63,,43.61,35.6,30.4,,22.6,,15.7,13.6,,,8.5,6.85,6.1,,,,,,2.65,,,,1.7,,,,1.07,,0.75,,,0.35,,,,,
2023-08-31,4314.11,,,,,,,,,,,,,,,,,,,,,,,,,,,618.94,,,543.01,,,368.69,,286.05,209.41,183.63,146.1,138.1,,95.8,,74.6,63.47,54.29,,41.05,34.5,28.65,24.27,,,15.0,,11.6,,7.7,,6.3,,,,,,2.45,,,,,,,,,,0.7,,,0.35,,0.2,,,
2023-09-19,4225.55,,,,,,,,,,,,,,,,,,,,,,,,,675.44,,532.19,,,,,346.15,,,207.41,132.48,112.2,84.32,69.39,58.98,46.45,37.51,31.24,29.18,24.4,,15.87,12.4,10.2,9.7,7.19,5.9,5.3,,3.7,,2.64,2.25,1.95,,1.5,,1.17,,0.92,,,,0.55,,,,0.4,,0.3,,,,0.05,,0.05,,
2023-09-22,4116.0,3910.0,,3546.3,3337.0,,2756.99,,,,,,,,,,,,,,,,,,,,,427.89,,388.7,,,,195.88,163.7,133.88,85.4,62.48,46.4,43.38,32.8,23.6,23.05,19.03,14.3,10.6,9.8,8.6,7.1,5.3,,4.1,,2.65,2.27,,,1.55,1.25,1.25,,,,,,0.55,,,,,,,,,,0.2,,,0.12,,0.05,,,
2023-09-26,4097.6,,,,,,,,,,,,,,,,1047.65,,853.0,,,,,566.39,,,,395.45,,356.77,,,240.08,176.0,144.4,117.2,71.27,54.32,39.62,33.1,27.32,19.25,,13.25,11.1,9.04,7.75,6.17,5.24,4.3,3.7,3.1,2.7,2.19,1.95,1.67,1.45,1.15,,0.95,,0.72,,0.5,,0.54,,,,,,,,,,0.15,,,,,0.07,,,
2023-10-02,4073.0,,,,,,,,,,,,,,,,1021.8,,,,,,,,,,,389.31,,345.62,,271.23,226.15,157.29,,111.5,62.5,44.9,33.8,28.56,21.4,16.5,12.0,9.9,8.75,,6.22,5.0,,3.45,2.87,2.46,,1.9,1.81,1.55,,1.05,1.02,0.92,,0.65,,0.55,,0.5,,,,,,,,,,0.2,,,,,,,,
2023-10-04,4022.2,,,,,,,,,,,,,1277.17,,,,,797.92,,,,,,,499.12,,364.6,,320.67,,243.82,214.93,144.34,125.0,102.5,59.2,44.69,32.4,25.1,19.3,15.84,,8.6,,7.2,5.55,4.6,,3.2,2.57,2.2,,1.9,1.45,,,1.05,,0.85,,0.65,,0.55,,,,,,,,,,,,,,,,,,,,
2023-10-05,4046.0,,,,,,,,,,,,,,,,,,,,,,,,,,,370.03,,,,239.27,218.13,145.43,123.98,99.3,57.1,42.09,30.13,26.12,20.5,14.4,10.83,9.1,7.55,6.77,,,,3.44,2.82,2.3,,1.77,,,,,,0.8,,0.65,,0.52,,0.42,,,,,,,,,,,,,0.1,,0.07,,,
2023-10-23,4013.89,,,,,,,,2254.2,,,,,,,,,,,,,,,,,,,324.2,,288.55,264.14,225.06,178.65,118.85,91.58,70.3,36.2,28.33,16.4,13.45,10.9,7.1,5.61,4.7,3.8,3.12,2.85,2.55,2.05,1.77,,1.3,1.0,0.9,,,,0.55,,,,0.35,,,,0.3,,,,0.22,,,,0.2,,0.12,,,0.1,,,,,0.07
2023-10-24,4041.33,3839.17,,,,,,,,,,,,1283.25,,,,,799.65,,,,,,,,,332.6,,306.61,268.0,,194.5,131.19,101.29,78.5,41.3,26.83,18.99,15.4,12.4,7.89,6.45,5.3,,3.6,3.12,2.45,2.05,1.75,1.45,1.3,1.0,0.95,,,,0.55,,,,0.35,,,,0.3,,,,0.2,,,,,,,,0.1,0.1,,,,0.07,0.07
2023-10-27,3906.26,,,,,,,,,,,,,,,,,,663.93,,571.73,,,393.67,376.94,355.56,,239.7,,206.46,177.01,142.0,116.5,71.4,49.31,35.55,16.8,10.8,7.4,5.97,4.79,3.4,2.75,2.3,2.0,1.75,,1.27,1.07,0.9,,0.75,,0.55,0.5,,,,,,,,,0.24,,,,,,0.15,,,,,,,,,,,,,,
2023-11-01,4028.94,3827.53,,,,,,,,,,,,,,,,,,,,,,,,,377.7,323.49,280.44,276.38,229.25,182.9,167.0,105.5,78.57,57.4,26.54,17.4,11.29,8.65,6.8,4.54,3.08,2.6,1.92,1.7,1.66,1.3,1.17,0.97,,0.74,,,0.55,,,,,,,,,,,,,,,0.15,,,,,,,,0.1,,,,,,
2023-11-02,4090.67,,,,3285.63,,,,,,,,,,,,,,,,,,,,,,,381.37,363.55,,296.2,230.58,216.54,144.93,114.32,85.82,43.92,30.1,19.31,15.5,12.39,7.9,6.5,5.1,4.1,3.2,2.8,2.25,2.0,1.67,,1.1,0.9,0.85,,0.65,0.51,0.5,0.4,,,0.31,,0.27,,,,,,0.15,,,,,,0.05,,0.1,,,0.05,,,
2023-11-08,4176.1,,,,,,,,,,,,,1402.76,,,,,,,,,,,,,,433.16,407.5,,,,259.86,179.52,140.25,112.42,56.7,39.8,24.7,20.3,15.5,9.27,7.08,5.5,4.6,3.3,,2.0,,1.19,1.07,,,0.57,0.5,0.5,,,,,,,,,,0.15,,,,0.15,,,,0.1,,,,,,,,,,
2023-11-17,4309.27,,,,,,2925.01,,,,,,,,1437.27,,,,,,,,,,,,,553.56,523.98,,,,365.67,270.2,229.02,186.7,115.58,84.56,58.4,47.76,40.1,25.1,19.5,15.6,12.1,9.18,6.7,5.3,4.2,3.4,2.5,2.05,,1.27,,,,,,,,,,,,0.3,,,,,,,,,,,,,,,0.07,,,
2023-11-22,4351.7,,,,,,,,,,,,1771.67,1575.78,,1379.86,,,,,,,,,,,,588.37,,,,,392.07,306.4,260.63,220.5,138.72,104.43,74.1,61.62,50.05,31.53,24.08,18.48,14.94,10.7,8.03,5.85,,3.23,,1.97,,1.3,,0.9,,0.7,0.68,,,0.4,,,,,,,,0.15,,,,,,,,,,,,,,0.05
2023-11-24,4350.06,,,,,,,,,,,,,1574.25,,,,,,,,,,,,,687.94,587.38,,,493.59,,401.9,305.11,259.69,216.1,133.31,100.5,70.5,57.8,46.48,29.13,23.9,17.4,13.6,9.4,7.1,5.1,,2.81,,1.67,,1.06,,,,0.55,,0.4,,,,,,0.2,,,,,,,,,,,,,,,,,,
2023-11-27,4345.3,,,,,,,,,,,,,1573.35,,,,,,,,,,,,,,588.09,,,,444.75,388.72,301.92,258.2,212.57,131.49,94.27,65.1,53.2,42.31,27.3,20.4,14.7,11.55,7.9,6.22,4.6,3.3,2.55,,1.55,,0.9,0.8,,0.5,0.4,,0.4,,0.3,,,,0.2,,,,,,,,,,,,,,,,,,0.03
2023-12-04,4360.63,,,,3570.55,,,,,,,,,,,,,1193.0,,,,,,,,,,591.38,557.26,531.48,,,397.6,303.02,,220.0,140.35,100.7,71.87,58.0,46.9,28.7,22.6,17.4,12.93,9.53,6.8,4.94,3.28,2.54,1.6,1.15,,0.7,0.55,,,0.35,,,,,,,,0.12,,,,,,,,0.1,,0.05,,,,,,,,
2023-12-07,4382.55,,,3786.7,,,,,,,,,,,,,,,,,,,,812.32,,,,610.3,,,,,,318.24,,229.54,146.41,108.8,77.46,63.5,51.2,32.7,24.52,19.3,13.94,10.5,7.7,5.9,3.8,2.7,1.82,1.45,1.02,0.75,,0.5,,0.32,,,,0.2,,0.1,,,,,,0.15,,,,,,,,,,,,,,
2023-12-08,4388.36,4196.1,,,3601.82,,,,,,,,1791.0,,,,,,,,,,,,,,,634.87,586.0,,,,,333.9,294.33,249.73,156.78,118.01,85.2,71.87,57.4,36.46,27.6,21.2,15.4,11.25,7.95,5.73,4.3,3.07,1.9,1.5,1.12,0.75,0.52,0.55,0.36,0.35,,0.25,,0.2,,,,,,,,0.1,,,,0.07,,0.07,,0.05,0.05,,,,,0.05
2023-12-11,4404.77,,,,,,,,,,,,,1621.82,,1431.67,,,1136.78,,1042.59,978.45,,,,773.0,725.48,641.73,606.44,,544.55,482.65,433.08,351.5,302.46,256.2,168.17,130.8,93.62,77.55,63.8,38.9,31.73,23.3,17.33,12.5,8.8,6.32,4.4,3.06,2.2,1.45,1.05,0.8,0.6,0.45,,,,,0.2,,,,,,,,,,,,,,,,,,0.05,0.03,,,,0.05
2023-12-12,4407.11,,,,,,,,,,,,,,,,,,,,,995.43,,,,,,650.47,,584.42,,505.75,460.03,366.15,314.81,270.98,187.03,140.37,104.43,85.52,68.85,45.76,33.27,25.8,18.95,14.11,9.3,6.44,4.6,3.0,1.85,1.3,1.0,0.7,0.5,0.41,,0.3,,,,,,0.15,,,,,,,,,,0.05,,0.07,,,,,,,,0.05
2023-12-14,4504.29,,,3907.94,,,,,,,,,,,,,,,,,,,,949.0,,,,753.0,,,649.88,,542.12,426.02,391.23,344.0,249.03,200.9,156.9,125.0,116.6,85.0,66.42,53.35,40.34,32.05,22.9,17.05,12.12,8.64,6.3,4.4,3.0,2.35,2.5,1.27,0.99,0.8,,0.6,0.5,0.35,,0.3,,0.25,,,0.25,0.15,,,,0.1,,,,,,,0.05,,,
2023-12-15,4504.34,4307.97,,,3717.4,,,,2715.05,,,,,1736.1,,1539.02,,,,,,,,,,,,735.49,,,,595.24,526.3,445.7,398.53,350.18,250.05,198.89,160.6,137.5,123.46,84.8,66.2,51.6,41.6,31.0,21.53,17.55,12.59,8.45,5.31,4.25,2.4,1.97,1.18,0.95,,0.6,0.5,0.4,,0.3,,0.25,,0.25,,,0.2,,,,,0.1,,0.07,,0.05,,,0.03,,0.03,0.05
2023-12-18,4529.9,,,3932.68,3750.42,,,,2755.92,,,,,,,,,,,,,,,958.6,,,,764.42,,,661.82,,,,,367.52,271.1,227.22,180.8,157.16,137.8,95.95,80.9,63.0,53.32,38.3,29.0,21.29,15.6,11.1,8.1,5.9,4.24,2.57,2.1,1.45,1.12,0.85,0.7,0.55,0.45,0.4,,0.3,,0.3,0.26,,,0.2,,,,0.15,,,,,0.05,0.05,0.03,,0.03,
2023-12-20,4574.75,,,,3765.96,,,,,,,,,1778.35,,,1487.25,1387.7,,,,,,,,,889.7,714.47,766.08,,,646.13,539.9,484.14,391.95,343.45,228.5,208.3,151.01,145.26,114.34,70.93,57.7,42.54,33.5,25.15,18.37,13.42,9.52,6.82,5.43,4.3,2.84,1.8,1.35,1.05,1.75,0.65,0.65,0.55,0.75,0.35,0.55,0.4,0.4,0.35,0.25,0.3,0.2,0.3,0.2,0.2,,0.15,0.1,0.1,0.05,0.1,0.05,0.05,0.05,,,
2023-12-22,4565.55,,,,,,,,2759.3,,,,,,,,,,,,,,,,949.68,,874.62,773.01,,,676.39,,579.06,483.67,,368.11,280.52,245.69,187.92,164.16,144.66,104.96,86.4,69.5,53.79,43.9,33.4,25.0,18.1,12.1,8.85,5.7,4.15,2.92,2.07,1.5,1.4,0.75,,0.55,,0.35,0.5,0.45,0.45,0.25,0.25,0.25,,,,,,0.12,0.15,,,0.1,,0.05,0.03,,,
2023-12-26,4571.13,,,,3769.25,,,,2773.4,,,,,,,,,1393.06,,,,,,,,,892.65,789.73,,,,,587.67,,,390.3,293.7,248.11,199.28,179.3,159.2,116.1,96.1,78.62,65.25,49.0,36.5,26.8,18.9,13.4,9.1,6.03,4.1,2.65,1.8,1.25,0.9,0.7,0.55,0.45,0.4,0.27,0.3,0.3,0.25,0.25,0.2,0.2,0.2,0.2,0.2,0.15,,0.15,0.15,0.15,,,,,0.05,,,
2023-12-27,4576.73,4383.63,,,,,,2982.3,2778.27,2581.92,,,,,1683.3,,1493.55,,,,,,,,,,894.22,791.59,,,,,,,443.39,405.48,294.31,250.0,205.78,177.0,157.66,115.2,91.87,82.4,63.76,50.55,36.1,27.8,20.05,12.7,9.25,5.5,3.5,2.25,1.45,1.0,0.7,0.55,0.45,0.4,0.35,0.3,0.3,0.3,0.25,0.25,0.25,0.2,0.2,0.2,0.2,0.2,0.15,0.15,0.15,0.15,0.15,0.1,0.1,0.1,0.05,,,
2023-12-28,4587.05,,,,,,,,,,,,,,,,1494.97,1401.0,,,,,,,,,,803.49,,,701.6,651.88,602.57,504.0,,404.59,307.25,256.37,209.6,184.86,162.12,117.6,97.5,78.7,62.75,47.71,36.07,26.02,17.85,12.48,8.25,5.2,3.4,2.05,1.45,0.95,0.7,0.45,0.4,0.3,0.25,0.25,0.25,0.2,0.2,0.2,0.15,0.15,0.15,0.1,0.1,0.1,0.1,0.1,0.05,0.05,0.05,0.05,0.05,,,,,
2023-12-29,4587.16,,,,,,3173.6,,,,,,,,,,1473.29,,1280.08,1236.72,,1144.03,1094.31,,,,,783.03,749.01,,686.31,635.03,585.28,487.51,450.66,374.97,288.13,240.9,191.93,156.33,146.54,103.7,88.7,66.5,51.95,36.2,27.47,17.65,13.38,7.9,5.4,3.04,1.9,1.0,0.7,0.45,,0.25,,0.2,,0.15,,,,0.15,,,,,,,,,,,,,,,0.05,,,0.03
2024-01-02,4534.02,,,,,,,,,,,,,,,,1458.0,,1258.83,,1148.01,,,948.61,,,,757.19,724.18,699.45,,,545.8,456.35,387.53,348.2,252.64,219.0,165.1,134.05,105.69,80.1,61.6,46.5,33.5,23.02,14.2,9.64,5.8,3.47,1.7,1.0,0.52,0.35,0.25,0.25,,0.15,,0.15,,0.15,,0.12,,0.1,,,,,,,,0.05,,,,,,,,,,
2024-01-03,4512.3,,,,,,,,,,,,,,,,,,,,,,,,,,,715.23,,,,,,434.37,,321.01,235.2,194.56,128.5,110.49,85.08,52.9,39.2,27.2,17.36,11.3,7.0,4.0,2.62,1.25,0.7,0.37,0.35,0.2,0.2,0.12,,0.08,,0.05,,0.05,,,,,,,,0.05,,,,,,,,,,,,,,
2024-01-04,4505.18,,,,,,,,,,,,,,,,1423.6,,,,,,,,,,,712.45,,,,558.5,515.89,,,,204.0,168.88,112.25,108.06,72.95,42.0,29.85,20.03,12.6,7.4,4.2,2.39,1.25,0.7,0.45,0.35,0.25,0.15,0.15,0.1,0.1,0.05,,0.1,,0.05,0.05,,,0.05,,,0.05,,,,,,,,,,,,,,,
2024-01-05,4510.24,,,3911.57,,,,,,,,,,1698.85,,,,,,,,,1001.85,,,,,703.6,,645.39,,,,,335.0,285.0,204.0,150.46,105.87,86.46,75.07,41.43,28.18,18.0,11.5,6.35,3.5,1.68,0.9,0.45,0.4,0.2,0.2,0.15,0.14,,0.1,0.1,,0.05,,0.05,,,,,,,,,,,,,,,,,,,,,,
2024-01-08,4535.49,,,,,,,,,,,,,,,,,,1258.5,,,,1017.0,,,,,749.14,,,,,538.29,435.27,,369.04,270.7,180.05,171.0,120.84,119.9,81.3,61.49,44.4,29.78,18.86,10.96,5.98,3.2,1.65,0.75,0.5,0.3,0.25,0.15,0.15,,0.1,,0.07,,0.05,,,,,,,,,,,,,,,,,,,,,,
2024-01-09,4552.68,,,,,,,,,,,,,,,,,,,,,,,,,,,759.1,,,,,557.56,463.0,410.18,,271.1,209.93,145.99,122.83,117.04,72.6,53.8,36.7,23.48,14.0,7.4,3.4,1.9,0.82,0.4,0.27,,0.1,0.15,,0.1,0.05,,,,,,0.05,,,,,,,,,,,,,,,,,,,,
2024-01-10,4578.56,,,,,,,,,,,,,,,,,,,,,,,981.9,,,,785.73,,716.67,,,579.77,467.18,,374.8,269.71,226.11,196.29,171.94,147.69,94.4,73.18,52.8,36.5,22.6,12.89,6.9,3.7,1.55,0.75,0.35,0.3,0.2,,,,0.1,,0.1,0.07,0.05,,,,,,,0.05,0.05,,,,,,,,,,,,,,
2024-01-11,4570.9,,4164.21,,,,,,,,,,,1774.2,,,,,,,,,,951.6,,,,785.08,,,,,,482.86,,360.41,280.99,225.0,181.69,144.14,131.86,88.8,54.68,42.47,29.8,17.2,8.65,4.1,1.85,0.75,0.4,0.25,,0.15,,0.1,,0.1,,,,0.05,,,,,,,,,,,,,,,,,,,,,,
2024-01-17,4532.32,4331.28,,3932.69,,,,,,,,2135.22,1935.22,1739.68,,,,,1234.93,1175.95,,,1032.1,941.28,,,833.12,741.69,,,,,526.92,439.46,390.5,334.46,227.37,183.97,139.86,115.76,86.12,44.3,25.2,9.5,2.8,0.7,0.35,0.15,0.12,0.1,0.07,0.05,0.08,0.05,0.05,0.05,,0.05,,0.05,0.05,0.05,,0.05,,0.05,,0.05,,0.05,,0.1,,0.05,,,,,,,,,,
2024-01-18,4574.0,4373.47,,,,,,,,,,,,1774.0,,,,,,,,1093.86,,,,,861.04,779.91,,704.99,679.91,610.68,579.45,479.5,430.78,379.51,278.35,231.0,181.69,131.1,100.97,77.68,60.4,28.5,10.14,1.8,0.25,0.1,0.05,0.05,0.05,0.05,0.05,0.03,0.05,0.05,,,,,,0.05,,,,,,,,,,,,,,,,,,,,,,
2023-03-03,,3563.5,,,,,,,,,,,,,,,,,755.59,,668.12,,599.28,528.94,,,,390.6,369.48,,330.4,298.04,267.0,212.5,180.9,155.0,123.9,,88.2,,78.7,64.5,,45.1,,42.0,,,,,,23.3,,19.0,,,,,,,,9.6,,,,,,,,5.0,,,,,,3.0,,,1.95,,,0.8,,
2023-03-07,,3564.47,,,,,,,,,,1482.0,,,,,878.38,,719.58,,,,,,,,,360.67,,320.1,314.85,,,193.99,,,108.7,,74.44,,62.23,51.66,,42.62,,35.02,,28.2,,23.15,,19.5,,16.1,,,,12.68,,,,8.7,,,,,,,,4.8,,,,,,,,,,,1.05,,,0.25
2023-05-22,,3775.59,,,,,,,,,,,,,,,,,,,756.09,,,,,,,435.82,,,365.9,327.63,294.43,224.93,,168.74,118.95,,79.6,,63.3,50.4,,,,31.15,,24.9,,19.1,,15.8,,12.2,,10.15,,,,,,5.65,,,,,,,,2.8,,,,,,1.57,,,0.8,,0.52,,,
2023-05-24,,3686.25,,,,,,,,,,,,,1124.78,,,,,,691.14,,,,,,451.65,376.81,,,312.25,272.09,244.84,184.5,155.94,131.7,93.6,70.27,56.06,,44.06,35.29,,26.92,,21.07,,,,12.96,,10.18,,8.7,,,,5.7,,,,3.9,,,,,,,,,,,,,,,,,0.5,,0.35,,,0.1
2023-06-02,,3863.44,,,,,,,,,,,,,,,1093.37,,,,,,,649.24,,606.58,,486.13,,,,369.37,336.0,265.68,234.22,204.27,147.39,,102.02,,78.12,65.0,,51.68,,41.2,,31.9,,25.4,,19.68,,15.64,,12.3,,9.76,,,,6.4,,,,,,,,3.0,,,,,,1.45,,,0.75,,0.5,0.23,0.18,0.1
2023-06-09,,3883.43,,,,,,,,,,,,1399.35,,,1120.0,1005.9,,,833.19,,,657.66,,,,492.33,,,,,337.59,270.47,229.09,201.48,146.57,121.14,98.52,,78.11,63.1,,49.02,,38.36,,29.15,,22.41,,17.48,,13.44,,11.32,,8.1,,,,4.91,,,,,,,,2.35,,,,,,0.95,,,0.45,,0.2,,0.15,
2023-06-14,,3960.99,,,,,,,,,,,,,,,,,,,,,,,,,617.95,,528.68,,,,,310.97,278.8,247.57,181.49,,130.8,,105.84,83.92,,69.8,,53.2,,43.3,,32.76,,27.1,,21.15,,,,12.6,,,,7.3,,,,,,,,3.08,,,,,,1.46,,,0.65,,0.4,,,0.1
2023-07-18,,4130.63,,,,,,,,,,,,1625.47,,,,,1149.82,,1036.24,,,,848.74,,759.81,675.43,654.32,632.64,592.8,,,,,,264.41,236.05,204.51,,171.4,144.64,127.75,110.42,105.1,91.87,83.49,75.75,67.49,59.39,46.24,42.6,35.23,31.58,,24.2,,20.14,,,,11.34,,,,6.3,,,,3.4,,,,2.15,,1.35,,0.85,0.55,,,,0.1,0.05
2023-08-16,,4030.03,,,,,,2653.81,,,,,,1493.18,,,,,,,,,,,,,,547.0,,,463.51,434.2,394.18,,,230.92,169.2,140.68,114.63,,100.75,72.5,64.32,55.6,52.6,48.11,40.0,32.95,26.97,22.99,21.4,16.2,13.9,11.69,11.9,,,6.4,,4.2,,3.5,,,,1.9,,,,0.95,,,,0.66,,0.45,,,,,0.15,0.1,,0.07
2023-10-13,,3913.26,,,,,,,,,,,,,,,,,,,,,,,,,,,,374.75,352.85,318.84,267.62,187.8,155.19,126.23,73.3,54.57,39.5,34.55,27.59,18.84,16.52,12.44,,8.62,6.78,5.91,5.15,3.91,,2.97,2.58,2.15,1.8,1.65,,,,,,,,,,,,,,,,,,,,0.15,,,,0.1,,,,
2023-05-11,,,3499.76,,,,,,,,,,,1217.22,,,,,,,,,611.34,,514.44,,,,,,324.2,289.15,257.0,198.88,,141.5,102.0,81.55,65.5,,52.1,41.39,,,,24.8,,,,,,,,10.0,,,,6.57,,,,4.62,,,,,,,,,,,,,,1.5,,,,,,,,
2023-05-09,,,,3309.87,,,,,2160.27,,,,,,,,,,,,,,,,,,466.19,395.52,374.61,,323.21,,262.2,202.57,,147.32,103.81,,69.64,,,44.6,,35.1,,27.82,,,,17.4,,,,,,,,,,,,,,,,,,,,,,,,,,1.7,,,0.95,,0.55,,,
2023-05-15,,,,3321.97,,,,,,,,,,1224.78,,,,,,,,657.14,,,,,,,,,,,,193.73,168.77,147.0,99.08,80.24,62.6,,51.0,39.4,,30.69,,24.04,,18.7,,14.5,,,,9.58,,7.7,,6.24,,,,4.17,,,,,,,,2.25,,,,,,1.3,,,,,,,,
2023-05-31,,,,3383.53,,,,,,,,,,,,,,,,,741.73,,,,548.34,,,419.36,404.14,375.78,346.0,,283.95,208.88,184.32,156.61,110.6,90.2,70.39,,54.1,44.6,,35.43,,27.49,,20.38,,16.74,,13.04,,10.7,,8.4,,7.4,,,,4.7,,,,,,,,2.3,,,,,,1.15,,,0.6,,0.3,,,
2023-09-18,,,,3645.7,,,,,,,,,1705.07,1498.23,,,,,1023.24,,,,,733.31,,,638.29,544.99,,,,,,288.57,258.69,219.56,146.05,118.52,90.95,80.32,68.38,,46.1,36.56,30.78,26.37,,18.29,,13.3,,9.0,,5.85,5.12,4.32,,3.0,,2.27,,,,1.3,,1.0,,,,0.62,,,,0.4,,,,,,,,,0.05,
2023-04-25,,,,,3098.33,,,,,,,,,,,,,,,,680.09,,599.21,,,,,390.12,364.7,,310.2,292.46,253.14,201.35,177.83,144.3,100.3,84.57,68.8,,54.84,43.93,,,,26.37,,21.41,,17.05,,,,11.39,,,,7.5,,,,5.2,,,,,,,,2.95,,,,,,1.75,,,0.95,,0.6,,,0.15
2023-06-08,,,,,3285.58,,,,,,,,,,,,,,,,826.97,,,,,,,481.6,,443.13,406.52,360.68,330.95,259.1,226.0,192.11,,116.34,94.71,,76.11,60.61,,46.5,,36.67,,28.13,,21.28,,16.17,,12.5,,9.72,,7.5,,,,,,,,,,,,1.8,,,,,,1.03,,,0.45,,0.25,0.19,,0.2
2023-06-20,,,,,3396.89,,,,2430.0,,,,,,1376.6,,,,1006.32,,915.69,,,,,697.26,650.3,565.05,545.7,525.15,,,,328.37,,261.33,194.81,168.11,145.13,,115.41,93.9,81.33,74.1,,61.52,,49.9,,36.57,,28.29,,22.05,,17.2,,13.6,,,,7.71,,,,,,,,3.5,,,,,,1.7,,,,,,,0.1,
2023-06-22,,,,,3366.28,,,,,,,,,1446.75,,,,,971.51,935.37,891.35,,,,,,,546.85,,,,421.62,380.87,311.53,,242.99,179.77,,122.83,112.79,,82.43,72.51,64.35,,50.3,,,,30.65,,23.5,,18.0,,13.6,,10.3,,,,5.8,,,,4.04,,,,2.45,,,,1.7,,1.15,,,0.49,,0.25,,0.07,
2023-11-10,,,,,3367.12,,,,2421.77,,,,,,,,,,,,,,,,,,,463.4,,,374.2,325.4,277.81,199.57,162.41,128.67,69.98,47.5,31.3,25.0,19.7,11.75,5.95,6.6,,4.02,3.2,2.38,,1.45,,1.0,0.5,0.7,,0.55,,,,,,0.22,,0.2,,0.1,,,,0.1,,,,0.1,,0.07,,,0.05,,0.05,,,
2023-11-20,,,,,3544.0,,,,2545.84,,,,,,,,,,,,,901.44,,,,,,572.74,,,474.85,,365.77,288.83,250.0,213.0,135.69,105.0,72.1,60.1,52.6,33.98,27.9,19.94,16.3,12.0,9.22,6.89,5.63,4.5,3.37,2.35,,1.57,,1.13,1.0,0.85,0.6,0.55,0.5,0.4,,,,0.27,,,,,,,,,,0.1,,0.15,,,,,,
2023-11-29,,,,,3567.3,,,,2575.57,,,,,,,,,,,,,,,,,,,586.62,,,485.35,,,303.8,251.15,206.39,129.37,92.93,67.5,51.98,41.52,27.03,19.68,14.8,11.2,8.4,6.1,4.6,3.38,2.5,,1.75,1.02,0.8,0.75,0.59,0.55,0.4,0.35,,,,,,,,,,,,,,,0.1,,,,,,,,,,
2023-11-30,,,,,3539.49,,,,,,,,,,,,,,,,,,,,,,,590.84,,,472.42,,,,,200.0,125.5,102.7,71.54,49.77,46.9,29.0,21.85,16.68,12.18,9.45,6.3,5.0,3.42,2.43,,1.22,,0.75,0.55,0.45,,,,,,,,,,,,,,,,,,0.07,,,,,,,,,,
2023-12-01,,,,,3590.48,,,,,,,,,1608.04,,,,,,,,,,,,,,621.6,,,,,,,282.4,242.2,157.7,120.7,87.97,72.79,60.94,39.34,29.83,23.7,18.08,13.61,9.85,7.41,5.15,3.91,,1.95,1.51,1.15,0.7,0.55,0.6,0.4,,0.35,,,,,,0.15,,,,,,0.1,,0.1,,,,,,,,,,
2023-12-05,,,,,3568.39,,,,,,,,,1585.01,,,,,,,,,,,,,,593.11,,,,,,308.24,258.97,216.16,133.85,99.7,71.8,57.55,46.2,27.71,21.2,16.22,12.04,8.85,6.4,4.76,3.4,2.36,1.75,1.25,,0.7,0.55,,0.37,,,,,0.17,,,,,,,,0.1,,,,0.07,,0.07,,,,,,,,
2023-12-06,,,,,3550.46,,2960.18,,,,,,,,,,,,,,,,,,,,692.49,592.95,,,495.29,,,305.9,243.81,200.48,122.45,89.06,59.59,49.8,37.87,22.58,17.2,13.0,9.25,6.8,4.8,3.48,2.46,1.6,2.05,0.9,,0.57,0.4,,,0.22,,0.3,,0.25,,,,,,,,,,,,0.05,,0.07,,,0.05,0.05,0.03,,,
2023-05-04,,,,,,2668.33,,,,,,,,,,,,,,,,,,,,,,,,,296.74,,231.4,176.2,150.47,128.7,89.32,72.27,57.56,,46.2,38.12,,,,23.62,,19.2,,14.85,,12.75,,10.05,,,,7.06,,,,5.06,,,,,,,,,,,,,,1.62,,,1.0,,,0.5,,
2023-09-12,,,,,,3085.33,,,,,,1912.36,,,,,,,,,,,,,,,,561.82,,,,,,,,227.81,164.0,136.32,108.44,,85.52,,56.31,45.3,38.0,32.2,26.97,23.8,,15.5,,10.9,,7.6,6.4,,4.49,4.35,3.3,,,,,,,1.35,,,,,,,,,,0.45,,,0.2,,,0.05,,
2023-10-18,,,,,,2945.45,,,,,,1766.75,,1355.0,,,,,,,,,,,,,,405.09,,362.78,330.0,308.13,258.95,179.0,149.0,116.0,67.7,50.05,33.3,30.45,24.1,15.62,14.73,10.1,10.45,7.0,6.15,5.7,5.0,3.77,,2.7,,1.96,1.85,1.45,1.4,,0.95,0.8,,0.7,,0.6,,,,,,,,,,0.25,,,,0.12,,0.1,,,,
2023-07-03,,,,,,,2876.4,,,,,,,,,,,,,,,,,,,,,605.25,,,,474.26,430.12,351.6,,,212.8,,147.4,135.97,125.43,101.86,91.36,80.7,70.76,63.71,,,,37.2,,28.6,,22.35,,16.7,,,,,,7.1,,,,,,,,2.47,,,,,,,,,,,0.3,,,
2023-07-11,,,,,,,2859.4,,,,,,,,,,1217.0,1124.0,,,930.98,,,,,,,,,,487.9,460.82,408.87,,298.92,263.52,200.51,163.31,132.84,,113.3,86.2,,75.06,61.91,54.8,,39.73,,30.38,,,,17.6,,,,9.8,,,,5.5,,,,3.02,,,,1.85,,,,1.2,,0.8,,,0.35,,0.1,,,
2023-08-22,,,,,,,2802.97,,,,,,,,,,,,,,880.0,,,,,,,,,,445.36,,,,247.68,211.6,152.57,134.7,100.57,92.69,78.0,60.8,55.27,45.2,43.45,36.59,,26.41,,18.8,17.9,13.3,,8.5,7.91,,,4.3,,3.17,,2.35,,,,1.42,,,,0.85,,,,0.55,,,,,0.25,,,,,
2023-09-21,,,,,,,2762.9,,,,,,,1400.24,,,,,,,,,,,,,,447.85,,420.22,376.99,334.39,286.5,203.1,174.0,144.53,89.2,66.92,51.1,43.91,36.17,26.35,21.94,17.67,15.04,12.0,10.65,8.26,8.65,5.87,5.93,4.19,4.18,3.02,2.65,2.25,2.14,1.84,1.45,,,1.0,,0.8,,0.72,,,,0.49,,,,0.3,,,,,,,,,,
2023-10-26,,,,,,,2559.43,,,,,,,,,,878.0,,711.57,,,,521.95,,400.31,384.12,352.67,265.78,256.61,238.77,190.76,159.13,128.81,79.3,59.16,42.6,19.58,13.05,8.4,6.9,5.5,3.7,3.5,2.6,2.15,2.0,1.75,1.36,1.3,1.0,1.0,,0.75,0.7,,,,,0.45,,,0.32,,,,,,,,0.15,,,,0.15,,0.05,,,,,0.07,,,
2023-11-07,,,,,,,2794.1,,2387.35,,,,,,,,,,,,,,,,,,,436.98,406.9,,,,260.1,176.78,142.5,115.54,61.72,41.55,27.71,21.01,16.8,9.65,8.1,5.8,4.75,3.57,2.92,2.25,,1.47,1.34,1.02,0.92,0.77,,0.6,,0.45,,,,,,,,,,,,0.15,,,,0.1,,0.07,,,0.05,,,,,
2023-11-14,,,,,,,2905.5,,,,,,,1530.0,,,,,,,,,,726.0,,,,550.98,,,426.27,405.06,358.78,272.12,223.4,181.3,112.4,80.86,58.98,50.55,40.13,24.91,20.0,16.8,13.5,10.0,7.6,6.0,5.0,4.0,3.1,2.7,2.05,1.55,1.5,1.21,0.95,0.77,0.72,0.6,,0.42,,0.35,,0.3,,,,,,,,0.15,,0.1,,,,,,,,
2023-11-15,,,,,,,2913.82,2715.29,2522.18,,,,,1528.92,,,,,1035.61,,,,,741.55,,,,559.28,,502.36,,,,274.1,237.9,189.87,112.96,86.0,59.04,51.76,40.02,25.9,22.1,16.08,13.2,10.25,8.0,6.05,5.3,4.1,3.5,2.99,1.95,1.62,1.45,1.21,1.05,0.8,,,,0.5,,0.35,,0.26,,,,,,,,,,0.1,,0.07,,,0.05,0.07,0.05,0.05
2023-12-19,,,,,,,3165.7,,,,,,1963.3,,,,,,,,1178.38,,,,,,,780.56,,733.83,,629.82,,482.12,431.61,381.93,295.79,241.78,198.25,173.97,156.71,116.0,92.63,80.4,62.9,50.94,41.1,30.44,22.95,16.85,12.4,8.9,5.4,4.6,3.17,2.2,,1.35,1.1,0.8,,0.6,0.55,0.37,,0.35,0.3,0.3,,0.25,,0.22,,0.2,0.17,0.15,,,,,0.05,,,
2023-03-15,,,,,,,,2085.88,,,,,,992.44,,,,,,,550.07,,,,,364.76,331.47,291.39,,246.4,222.36,192.37,185.92,133.38,111.3,95.39,74.18,54.05,51.8,,36.29,34.79,,25.22,,22.34,,18.3,,13.4,,10.05,,9.8,,7.8,,,,,,5.4,,,,,,,,3.2,,,,,,1.75,,,1.15,,,,0.27,
2023-10-06,,,,,,,,2434.25,,,,,,,,,,,,,777.17,,,,,,,410.69,327.19,,316.63,281.2,259.8,180.85,149.15,120.8,73.86,56.88,39.9,29.72,28.88,20.8,17.4,14.3,11.15,9.2,8.05,6.6,,4.56,,2.86,,2.1,1.5,,1.3,0.95,,0.9,,0.7,,,,0.42,,,,,,,,,,,,,,,,,,
2023-09-15,,,,,,,,,2471.08,,,,,,,,,,,,,,,758.91,,,,548.21,,528.16,,423.4,,290.35,252.68,,146.43,117.8,92.94,85.38,75.46,51.75,,37.63,34.3,26.5,22.72,20.0,16.9,,11.34,10.15,,6.1,5.6,,3.7,3.1,,2.4,,,,1.45,,1.1,,,,0.7,,,,,,0.35,,,,,,,,
2023-10-03,,,,,,,,,2239.13,,,,,,,,,,,,693.98,,,,,,429.43,355.06,,,276.83,234.5,201.77,145.58,115.2,90.54,53.05,38.75,28.19,23.17,19.34,12.95,11.36,9.14,7.6,6.6,5.15,4.42,,3.2,2.7,2.25,2.04,1.66,1.55,1.35,1.1,1.0,0.9,,,0.65,,0.55,,,,,,,,,,,,,,,,,,,,
2023-11-16,,,,,,,,,2507.22,,,,,,,,,,,,,,,,,,,,,,,,358.52,268.74,227.21,185.11,111.18,82.57,59.43,44.6,39.0,24.44,19.25,15.09,11.8,8.9,6.5,5.51,4.3,3.36,2.4,2.1,,1.45,1.1,0.9,,,,,,0.4,,,,,,,,,,,,,,,,0.1,,,,,0.05,
2023-03-01,,,,,,,,,,1830.64,,,,,1020.24,,,770.58,677.81,642.81,607.52,,535.33,468.07,,,394.47,332.71,320.26,,273.14,,222.95,173.85,151.3,131.25,96.4,80.65,66.3,,56.7,46.8,,39.8,,30.8,,,,,,17.2,,14.9,,,,9.7,,,,6.95,,,,,,,,4.2,,,,,,2.4,,,1.5,,,,,0.3
2023-03-02,,,,,,,,,,,1619.72,,,,,,,749.72,671.9,,,,551.31,480.81,471.04,,391.32,343.99,,322.28,292.5,255.51,228.57,185.94,164.93,142.61,102.0,82.95,70.32,,57.76,50.8,,40.07,,33.7,,,,19.86,,,,13.1,,,,9.9,,,,6.72,,,,,,,,3.71,,,,,,,,,,,,,,
2023-03-06,,,,,,,,,,,,1540.63,1358.5,,,,,859.0,,,702.09,,607.99,,,,,389.9,,368.14,333.08,,276.62,230.17,201.3,,128.3,119.3,91.92,,83.61,65.3,,53.3,,46.37,,,,,,,,20.0,,16.6,,13.9,,,,,,,,,,,,5.51,,,,,,,,,2.0,,,,,0.4
2023-04-26,,,,,,,,,,,,1554.16,,,,,,,,,,,,506.12,,,436.71,363.0,339.96,336.45,310.23,,237.11,178.11,152.96,132.5,88.58,74.9,61.68,,47.2,37.43,,30.6,,23.33,,18.63,,15.01,,12.2,,10.01,,,,6.93,,,,4.93,,,,,,,,2.7,,,,,,,,,,,,,,
2023-07-21,,,,,,,,,,,,1999.55,,,,,,,,,,,,860.1,,811.49,,675.17,,,586.77,,,411.29,,343.0,262.0,,197.8,177.57,166.9,131.82,120.28,110.93,101.6,86.55,77.45,71.63,62.67,53.33,49.39,40.92,38.12,31.3,,24.0,,18.7,,,,9.95,,,,5.54,,,,3.5,,,,2.03,,1.32,,0.87,,,0.27,,,
2023-03-31,,,,,,,,,,,,,1369.0,,,,,,,,,,,,,,,390.44,379.93,361.6,331.7,315.04,276.99,,189.85,166.43,122.89,98.49,90.4,,76.1,62.1,,52.9,,40.72,,,,28.42,,23.35,,19.52,,,,,,,,10.1,,,,,,,,5.54,,,,,,3.1,,,1.9,,1.21,,0.55,
2023-05-16,,,,,,,,,,,,,1408.26,,,,,,,,,,613.92,534.89,,500.64,460.54,385.38,,,,283.5,,191.4,163.73,134.6,94.1,,59.04,,45.3,36.76,,27.63,,21.82,,17.35,,13.52,,11.1,,8.66,,7.16,,,,,,4.09,,,,,,,,2.21,,,,,,1.3,,,,,,,0.2,0.1
2023-05-19,,,,,,,,,,,,,1475.68,,,,,,,,,,679.08,,,,,,,406.15,360.1,,290.65,226.01,193.38,168.5,118.15,,79.38,,63.17,50.32,,38.85,,31.14,,25.86,,19.2,,,,12.21,,,,8.79,,,,5.91,,,,,,,,2.85,,,,,,,,,,,0.65,,,
2024-01-12,,,,,,,,,,,,,1996.72,,,1584.2,,,,,,,,975.89,,,875.99,782.5,,736.86,,629.68,585.82,,,377.27,285.8,,188.2,,136.29,89.5,65.4,43.77,26.3,13.67,6.07,2.17,0.72,0.3,0.14,0.1,0.15,0.12,,0.11,,0.07,,0.07,,,,,,,,0.05,,,,,,,,,,,,,,,,
2023-03-08,,,,,,,,,,,,,,1111.45,,,,,699.05,,631.71,,,489.68,,,415.05,345.47,,,286.2,255.21,235.4,178.06,152.94,139.8,,85.7,69.91,,61.0,48.57,,41.8,,34.3,,27.9,,23.0,,19.2,,16.0,,13.3,,11.0,,,,,,,,,,,,,,,,,,2.75,,,,,0.95,0.65,0.35,
2023-03-10,,,,,,,,,,,,,,1049.68,,,,,,,538.2,511.35,478.22,,,,,290.0,,271.92,230.56,198.56,182.5,141.58,,104.33,70.96,62.54,45.5,,37.5,35.0,,28.4,,25.7,,18.4,,13.7,,12.1,,9.3,,9.5,,7.24,,,,5.1,,,,,,,,3.0,,,,,,2.0,,,1.15,,,,0.4,0.2
2023-03-13,,,,,,,,,,,,,,998.71,,,,670.67,598.17,,,,,397.71,380.8,,333.8,274.8,,,223.2,202.5,167.05,133.9,115.4,98.1,65.07,56.5,46.6,,37.8,29.41,,23.86,,20.2,,16.4,,13.4,,11.0,,9.78,,8.3,,6.7,,,,5.2,,,,,,,,2.95,,,,,,1.87,,,1.15,,0.67,0.42,0.27,0.25
2023-03-14,,,,,,,,,,,,,,1058.19,,,,,,,553.22,,,423.13,,,343.8,301.3,,,244.01,208.27,183.77,144.59,122.3,97.1,76.03,63.6,55.6,,38.4,31.2,,25.4,,21.3,,18.62,,16.1,,11.1,,9.41,,9.38,,6.5,,,,4.6,,,,,,,,2.95,,,,,,1.65,,,1.1,,0.77,0.45,0.3,0.25
2023-03-16,,,,,,,,,,,,,,1021.88,,,,,,639.71,600.65,564.6,530.78,460.26,441.88,425.81,392.75,329.1,,,272.14,234.29,199.0,168.57,,111.5,92.37,57.55,56.6,,46.5,,,,,29.79,,24.5,,18.11,,14.4,,14.0,,,,9.65,,,,7.24,,,,,,,,4.1,,,,,,2.5,,,1.4,,0.9,0.6,0.25,
2023-03-20,,,,,,,,,,,,,,1068.15,,,,,,,589.99,,,447.18,429.76,424.04,389.24,322.17,,,262.07,235.94,210.0,166.22,,119.8,86.7,74.93,60.5,,51.08,,,,,26.4,,21.91,,17.07,,,,11.85,,10.1,,8.45,,,,6.15,,,,,,,,3.55,,,,,,2.2,,,1.4,,,0.5,,
2023-03-27,,,,,,,,,,,,,,1103.5,,945.47,,,695.1,,622.59,574.59,535.0,,,,,339.45,,303.0,276.0,248.5,,174.0,150.9,129.8,92.5,,63.9,,51.5,39.4,,,,26.2,,22.5,,,,14.6,,12.0,,10.0,,8.5,,,,6.5,,,,,,,,3.5,,,,,,2.1,,,1.2,,,0.45,,0.2
2023-03-28,,,,,,,,,,,,,,1096.75,,,838.86,,,,597.88,566.41,,455.09,,,388.12,322.13,,294.9,262.9,,211.6,161.5,139.6,117.54,85.6,,55.92,,,37.26,,30.5,,24.39,,19.8,,,,,,11.0,,,,7.9,,,,5.58,,,,,,,,,,,,,,,,,1.1,,0.75,,,0.2
2023-03-29,,,,,,,,,,,,,,1126.17,,956.54,,,,,,593.62,,485.0,,449.78,,355.5,337.17,326.07,289.62,261.0,238.99,185.9,157.65,141.92,103.1,79.7,71.9,,59.2,49.26,,39.6,,31.5,,26.5,,21.9,,17.7,,14.8,,12.2,,,,,,7.0,,,,,,,,4.0,,,,,,2.35,,,1.5,,0.8,,,
2023-04-03,,,,,,,,,,,,,,1220.56,,,,,,746.15,,,,,,,,419.22,,,343.7,324.74,284.1,226.02,205.55,179.24,133.5,,93.3,,80.3,66.21,,53.88,,44.15,,36.11,,,,,,,,16.8,,14.1,,,,10.08,,,,,,,,5.8,,,,,,,,,2.0,,,0.85,0.5,
2023-04-04,,,,,,,,,,,,,,1236.38,,,,,,,695.15,,,549.2,,,,425.2,,377.2,334.67,,292.53,229.4,195.2,182.44,121.91,,86.1,,70.9,58.5,,49.2,,38.93,,31.83,,,,,,18.5,,,,13.36,,,,8.8,,,,,,,,,,,,,,,,,,,1.1,0.75,0.45,
2023-04-05,,,,,,,,,,,,,,1185.94,,,,,,,,,,,,,,393.61,,,324.12,,266.94,211.51,,160.96,117.3,,82.3,,71.33,56.88,,47.11,,38.24,,,,,,20.9,,17.54,,,,,,,,,,,,,,,,,,,,,,,,,1.75,,,0.7,0.4,0.3
2023-04-10,,,,,,,,,,,,,,1187.1,,,,,,,,,,,,,,,,369.54,338.24,,273.8,218.31,,165.98,122.78,,,,,54.7,,,,37.21,,,,25.98,,20.7,,,,,,11.84,,,,7.9,,,,,,,,4.4,,,,,,,,,,,,0.6,,
2023-04-28,,,,,,,,,,,,,,1248.85,,,,,813.82,,,,,,,,498.41,429.41,,,355.63,324.62,283.5,227.5,203.55,176.3,127.51,96.54,86.9,,70.1,57.18,,45.1,,36.16,,,,23.0,,,,14.5,,,,9.7,,,,6.75,,,,,,,,3.5,,,,,,2.15,,,1.3,,0.81,,0.3,
2023-05-05,,,,,,,,,,,,,,1222.22,,,,,,,,,,,,,,403.61,,355.9,325.9,294.65,258.5,197.52,172.0,156.68,111.7,93.5,75.2,,60.7,44.64,,35.53,,30.25,,24.71,,19.15,,,,11.7,,9.66,,8.25,,,,,,,,,,,,3.06,,,,,,1.85,,,,,0.65,0.5,0.3,
2023-05-08,,,,,,,,,,,,,,1236.34,,,,,,,,,,,532.59,,,404.14,,,335.4,303.04,269.36,209.06,,155.73,110.65,91.72,74.5,,59.51,,,,,29.92,,,,18.7,,,,12.13,,,,,,,,5.8,,,,,,,,,,,,,,1.8,,,1.1,,,,,
2023-05-25,,,,,,,,,,,,,,1236.14,,,,,,,,,,547.19,,,,408.42,385.89,,331.6,299.99,265.0,,,146.0,101.66,,65.67,,52.7,41.7,,,,23.44,,19.16,,14.7,,,,9.19,,,,6.22,,,,4.34,,,,,,,,2.24,,,,,,1.22,,,,,0.25,,,0.1
2023-05-30,,,,,,,,,,,,,,1317.61,,,,,,,,,675.0,,,,,440.18,,404.72,372.91,,291.37,230.0,194.27,171.59,119.85,98.21,,,61.8,48.72,,39.36,,31.59,,25.2,,19.44,,,,11.3,,9.6,,7.8,,,,5.1,,,,,,,,,,,,,,,,,,,,,,
2023-06-06,,,,,,,,,,,,,,1362.25,,,,,,859.82,,,,,,,,482.54,,,401.31,362.82,323.9,260.43,,189.29,140.08,117.1,93.8,,74.33,60.6,,46.22,,37.16,,29.1,,22.03,,,,13.2,,,,8.4,,,,5.06,,,,,,,,2.16,,,,,,1.07,,,0.55,,,0.15,0.1,
2023-06-27,,,,,,,,,,,,,,1456.6,,,,,,,,,,,,,,545.0,,,,407.55,359.05,,,,172.58,144.5,119.01,,91.1,78.0,,60.45,,47.1,,36.3,,27.6,,21.2,,16.0,,11.4,,8.0,,,,5.1,,,,,,,,1.95,,,,1.1,,0.8,,,,,,,,
2023-07-05,,,,,,,,,,,,,,1519.95,,,,,1049.95,,,,,,,,,600.2,,,518.63,,436.85,350.69,315.17,279.16,211.55,,149.4,,,100.15,89.6,81.81,,63.41,,48.89,,38.4,,28.7,,21.7,,16.9,,12.9,,,,6.9,,,,,,,,,,,,1.55,,,,,,,,,,
2023-08-14,,,,,,,,,,,,,,1541.58,,1331.9,,,1065.12,,,,,,,,,607.59,,,,477.94,433.15,342.94,322.5,279.22,212.28,,149.93,,,95.03,,74.29,64.03,58.24,50.5,,,34.1,26.87,,19.3,17.3,14.1,12.4,,8.1,,6.0,,4.27,,3.2,,2.27,,,,,,,,0.75,,,,,0.35,,0.15,,,
2023-08-29,,,,,,,,,,,,,,1543.67,,,,,,,,,,,,,,605.33,,,,,,341.2,306.48,272.16,200.55,169.29,139.3,125.53,,89.5,56.8,65.39,59.01,52.46,,39.19,32.85,28.55,23.4,19.1,17.0,14.76,12.1,10.5,8.3,7.33,6.4,5.33,,3.68,,,,2.23,,,,1.45,,,,0.95,,0.5,,0.4,0.3,,0.15,,,
2023-09-01,,,,,,,,,,,,,,1562.74,,,,,,,,,,,,,,,,,,,,,,,212.06,175.0,141.05,120.8,,84.4,77.1,69.2,60.03,52.25,,36.98,36.39,27.1,,19.4,16.7,13.74,11.7,9.4,,6.94,,5.22,,3.8,,2.92,,2.4,,,,1.35,,,,0.95,,,,,0.35,,,,,
2023-09-05,,,,,,,,,,,,,,1555.91,,,,,,,,,,,,,,603.89,,,520.6,474.58,433.91,342.87,,265.78,199.39,161.5,129.2,,111.47,,,,54.22,45.37,,,30.48,26.1,,17.6,15.8,11.82,10.6,8.7,,6.18,,,,,,,,1.95,,,,,,,,0.75,,0.5,,,,,,,,
2023-09-06,,,,,,,,,,,,,,1511.8,,,,,,,,,,,,,655.12,,,,476.77,,395.6,,,228.2,168.9,137.7,113.4,,87.32,66.41,58.96,51.2,,36.9,,24.59,,17.8,,13.4,10.92,9.0,7.65,6.3,6.0,4.8,,,,2.65,,,,1.7,,,,0.95,,,,0.6,,0.4,,,,0.17,0.15,,,
2023-09-20,,,,,,,,,,,,,,1498.13,,,,,,,,,,,,,,,,,,,343.29,,,,118.72,95.32,72.36,,54.46,37.59,33.0,28.06,23.15,18.6,15.23,12.56,,8.59,,6.27,5.9,4.1,,,,2.25,,1.8,,,,,,0.85,,,,0.57,,,,0.37,,0.25,,,,,0.12,,,0.03
2023-09-28,,,,,,,,,,,,,,1351.19,,,,,,,,,,579.36,,,,406.23,,,323.4,298.67,256.46,178.3,148.5,123.7,77.38,54.43,39.61,34.15,26.6,18.66,15.5,12.65,10.72,9.0,,6.39,,4.41,,3.3,,2.32,2.25,1.85,,,,,,0.85,,,,0.55,,,,,,,,0.25,,,,,,,,,,
2023-11-09,,,,,,,,,,,,,,1410.11,,,,,,,,,,,,,,,,,344.85,270.08,230.45,157.6,126.97,93.23,45.71,30.7,19.71,15.6,11.5,6.7,5.53,3.89,3.2,2.45,,1.95,,1.02,,,,0.6,0.5,0.45,,,0.25,,,,,,,0.15,,,,0.1,,,,,,,,,,,,,,
2023-04-27,,,,,,,,,,,,,,,1139.28,,,,763.86,,681.5,,,535.61,,500.69,,417.3,362.77,,342.1,308.85,277.38,214.12,188.29,163.05,113.86,96.6,78.22,,63.9,51.3,,42.2,,33.42,,25.67,,20.6,,13.41,,13.5,,9.5,,9.39,,,,6.4,,,,,,,,2.88,,,,,,1.75,,,,,,,,
2023-07-24,,,,,,,,,,,,,,,1529.34,1430.45,1330.83,,,,,,,863.0,,,,679.28,665.38,640.66,,,,414.81,385.37,,266.19,,197.8,,170.37,138.6,128.67,113.04,103.38,91.9,83.25,69.0,64.28,54.33,48.49,42.78,37.02,33.8,,25.18,,18.2,,14.0,,10.53,,,,5.9,,,,3.3,,,,,,1.35,,0.87,0.55,0.42,,0.15,,
2023-03-24,,,,,,,,,,,,,,,,906.58,,,,,,538.96,,432.3,,425.77,392.49,329.34,313.72,283.8,260.0,,212.17,,141.4,118.79,86.71,,57.1,,47.2,,,31.4,,,,,,17.37,,14.24,,11.93,,,,8.42,,,,6.0,,,,,,,,3.5,,,,,,2.0,,,1.15,,0.8,,,
2023-07-26,,,,,,,,,,,,,,,,1429.8,,,,,,,,,,,,685.36,665.98,654.4,,,506.59,,,347.41,267.72,,201.84,,168.5,138.66,128.3,115.1,101.6,89.7,80.0,71.0,62.67,57.92,49.6,42.9,37.94,32.0,,23.5,20.3,17.93,15.8,13.2,,10.4,,8.5,,5.89,,,,3.39,,,,2.25,,1.2,,0.8,0.55,,,,,
2023-10-09,,,,,,,,,,,,,,,,1141.3,,,,,,,,,,,,432.9,,389.23,,281.82,258.25,193.71,146.99,133.5,80.88,57.55,45.0,35.3,33.7,22.45,14.9,15.4,11.0,10.9,7.85,7.39,4.74,4.9,,3.4,2.39,2.3,,1.5,,1.27,,1.0,,0.75,,0.52,,,,,,,,,,,,,,,,,,,,
2023-03-21,,,,,,,,,,,,,,,,,853.37,784.0,,,,,546.26,483.75,,444.13,410.69,349.65,,311.13,289.4,252.2,235.5,181.52,151.5,131.84,94.59,79.06,68.85,,,47.5,,36.13,,29.09,,24.9,,,,,,13.25,,10.9,,9.1,,,,6.52,,,,,,,,,,,,,,2.25,,,1.3,,0.9,,,
2023-08-17,,,,,,,,,,,,,,,,,1182.01,,,,,,,,700.58,,603.02,515.56,,475.58,434.76,391.16,,300.86,244.77,211.23,166.8,141.36,100.0,100.5,82.6,63.7,,47.0,,35.5,31.34,26.1,22.79,18.8,,14.0,13.1,9.7,,7.4,,5.1,4.1,3.6,,2.65,,,,1.55,,,,0.85,,,,,,0.45,,,0.25,,0.1,,,
2023-02-28,,,,,,,,,,,,,,,,,,796.51,707.13,,627.17,,,,,,427.64,347.4,341.83,,,,,192.9,160.0,,102.34,,72.93,,,,,,,36.22,,,,24.5,,20.4,,15.9,,12.7,,,,,,8.1,,,,,,,,4.45,,,,,,,,,1.7,,1.1,,0.4,0.3
2023-04-06,,,,,,,,,,,,,,,,,,,778.73,,698.95,,,,,,,400.2,,369.02,336.3,,263.09,216.82,,166.64,122.16,,,,68.08,,,,,37.13,,,,,,,,17.1,,14.9,,,,,,9.0,,,,,,,,4.8,,,,,,,,,1.75,,,,0.45,0.3
2023-04-11,,,,,,,,,,,,,,,,,,,792.71,,,,630.43,549.55,,,,412.3,,,341.33,,276.21,224.4,194.4,,124.79,108.7,88.2,,73.12,60.12,,48.6,,39.3,,31.9,,25.8,,21.0,,18.3,,14.0,,12.2,,,,8.1,,,,,,,,,,,,,,2.62,,,1.57,,,,,
2023-07-25,,,,,,,,,,,,,,,,,,,1163.22,,,,,870.0,,,790.67,699.54,677.01,,,,,,,345.54,282.24,236.32,212.34,198.52,182.33,150.54,,122.71,104.31,97.63,82.95,78.22,64.86,61.61,53.86,,,35.75,31.62,,,20.2,,15.0,,11.15,,,,6.2,,,,,,,,,,1.4,,,,,,,,
2023-08-15,,,,,,,,,,,,,,,,,,,1041.57,,,,,,,,,580.25,,,482.2,442.13,419.61,,,256.19,184.64,155.51,127.33,,102.38,80.55,75.43,63.5,58.37,48.2,43.82,37.5,33.66,26.93,25.22,18.8,17.32,13.97,11.5,11.3,9.34,7.1,,4.8,,3.58,,2.63,,1.97,,,,1.25,,,,0.65,,0.5,,,0.25,,0.1,0.05,,
2023-08-21,,,,,,,,,,,,,,,,,,,973.0,,,,,,,,,537.23,,460.58,442.03,,,,250.93,200.48,160.57,122.1,101.0,94.23,86.09,65.37,58.91,51.09,36.01,36.3,32.8,22.39,,20.04,16.3,13.58,,10.1,,6.6,6.0,4.8,,3.6,,2.34,,,,1.47,,,,0.9,,,,0.6,,,,,0.25,,,,,
2023-09-13,,,,,,,,,,,,,,,,,,,1040.2,,,,,,,,,567.25,,,,,,,261.26,235.14,165.7,133.27,,,80.84,62.53,,45.76,38.79,,,21.0,,15.2,12.75,10.92,,7.13,6.49,5.21,4.4,,,2.77,,2.07,,1.57,,,,,,0.8,,,,,,,,,,,,,,
2023-09-25,,,,,,,,,,,,,,,,,,,891.85,,,,,,,,,435.99,,394.46,,,,207.7,166.15,139.6,90.02,63.0,50.3,37.96,36.1,25.45,,15.44,,10.99,8.33,7.5,,5.3,,3.3,2.7,2.65,1.95,1.63,1.45,,,1.0,,0.8,,0.65,,0.5,,,,,,,,0.25,,,,0.1,0.15,,,0.1,,
2023-11-21,,,,,,,,,,,,,,,,,,,1061.91,,963.41,,,,,,,575.61,,521.5,,424.45,,290.4,247.08,205.14,129.08,94.4,64.71,55.0,45.2,27.58,22.94,16.72,,9.9,7.71,5.68,,3.4,,,,1.27,1.03,,,0.66,0.55,0.5,,,,,,,,,,0.17,,,,,,,,,,,,,,
2023-03-17,,,,,,,,,,,,,,,,,,,,,582.62,,,440.94,,,,315.9,296.5,,252.26,,204.94,,135.5,116.81,82.2,,,,47.45,,,,,26.36,,22.0,,,,,,12.24,,,,8.55,,,,6.3,,,,,,,,3.8,,,,,,2.2,,,1.3,,0.9,0.55,,0.3
2023-03-30,,,,,,,,,,,,,,,,,,,,,660.99,,577.72,507.7,496.64,,436.7,373.0,354.74,341.9,308.0,276.5,250.4,197.06,172.7,,110.3,92.7,78.0,,64.7,53.59,,43.9,,36.8,,29.66,,24.5,,,,17.1,,,,11.9,,,,9.1,,,,,,,,5.0,,,,,,2.95,,,1.7,,,0.7,0.4,
2023-04-17,,,,,,,,,,,,,,,,,,,,,726.4,,642.58,565.71,548.36,,,420.67,,,349.32,318.15,288.62,227.01,195.09,,127.02,,89.4,,,60.0,,50.95,,37.49,,30.8,,26.0,,21.35,,17.61,,,,,,,,8.31,,,,,,,,4.2,,,,,,,,,,,,,,
2023-04-19,,,,,,,,,,,,,,,,,,,,,733.34,692.19,,,,524.85,,425.11,412.9,,358.3,319.7,,232.4,203.61,177.49,131.8,,89.79,,,60.87,,,,37.95,,30.5,,26.0,,,,,,,,,,,,7.6,,,,,,,,4.1,,,,,,,,,,,,,,
2023-07-17,,,,,,,,,,,,,,,,,,,,,1019.5,,,834.5,,,,648.86,,,,525.66,476.12,,,325.7,246.12,218.65,,163.8,,129.4,110.51,104.21,86.84,,69.0,63.21,56.6,48.2,,37.6,,28.4,,20.9,,15.8,,,,8.8,,,,4.9,,,,2.95,,,,1.6,,1.05,,0.7,0.55,,0.2,0.1,,
2023-11-03,,,,,,,,,,,,,,,,,,,,,781.28,,,,,,,432.8,398.32,379.12,342.8,281.4,249.82,174.45,137.9,104.72,55.28,37.58,24.66,22.35,15.72,9.8,9.0,6.72,5.0,4.05,3.3,3.2,2.3,2.2,1.6,1.49,1.4,1.05,0.9,0.8,,0.65,,0.5,,0.37,,,,0.25,,,,0.15,,,,,,0.1,,0.1,,,,,,
2023-06-29,,,,,,,,,,,,,,,,,,,,,,863.83,,,,,640.27,555.34,,,466.94,429.01,390.17,310.89,269.4,244.5,178.31,149.56,123.5,108.55,96.1,75.45,,,51.96,47.0,37.7,34.99,,28.46,,20.18,,15.4,,11.0,,8.6,,,,4.9,,,,2.85,,,,1.8,,,,,,0.85,,,,,0.25,0.1,,
2023-09-08,,,,,,,,,,,,,,,,,,,,,,876.64,,,,,,,,,,,381.77,309.0,,,158.35,129.05,103.65,94.7,80.56,60.8,51.6,45.35,42.2,32.8,27.59,23.22,,16.29,,11.3,9.32,7.77,6.42,5.42,,3.91,,3.1,,,,,,1.28,,,,0.9,,,,0.55,,,,,,,,,,
2023-04-24,,,,,,,,,,,,,,,,,,,,,,,636.43,,,,,406.03,,,339.0,,274.78,218.1,,164.6,119.28,95.88,77.65,,,49.96,,43.15,,32.2,,26.0,,,,,,13.3,,,,9.1,,,,6.4,,,,,,,,3.1,,,,,,1.8,,,1.05,,,,,
2023-06-26,,,,,,,,,,,,,,,,,,,,,,,766.1,,,,,,509.19,,,,351.95,287.0,,211.7,158.03,,101.7,,82.96,66.71,,50.4,47.59,40.38,35.1,30.6,,23.49,,,,13.34,,,,,,,,,,,,2.72,,,,1.85,,,,,,0.8,,,0.4,,0.15,,,
2023-04-12,,,,,,,,,,,,,,,,,,,,,,,,547.4,,,,406.5,,,326.7,294.0,263.71,220.99,180.84,,124.54,109.65,,,,,,,,35.95,,,,,,,,15.7,,,,11.72,,,,7.6,,,,,,,,4.6,,,,,,,,,,,0.9,0.55,,
2023-04-20,,,,,,,,,,,,,,,,,,,,,,,,551.29,543.29,,,403.3,405.3,384.1,339.71,308.98,287.31,211.8,194.8,169.4,122.35,,77.7,,63.2,50.5,,,,36.22,,27.99,,22.35,,17.5,,14.9,,12.07,,9.77,,,,6.6,,,,,,,,3.6,,,,,,2.05,,,,,0.8,0.45,,
2023-04-21,,,,,,,,,,,,,,,,,,,,,,,,557.06,,,,,,376.0,345.83,,277.69,216.6,189.9,163.6,116.63,97.13,80.42,,,52.33,,40.4,,33.6,,26.01,,,,,,,,,,,,,,6.18,,,,,,,,3.35,,,,,,,,,,,,,,
2023-07-27,,,,,,,,,,,,,,,,,,,,,,,,895.1,,,,671.62,,,622.72,,535.17,,,334.64,263.8,260.22,191.5,178.59,159.96,131.5,118.63,109.66,95.11,84.29,75.67,67.62,60.8,51.43,53.3,39.24,,30.21,,23.8,25.57,21.6,,12.0,,9.52,,,,5.9,,,,3.9,,,,1.86,,1.15,,0.95,,,0.3,,0.05,
2023-08-10,,,,,,,,,,,,,,,,,,,,,,,,781.07,,,690.87,605.2,,,547.5,,431.5,356.71,336.94,290.24,206.1,,146.07,151.2,127.3,,91.35,78.13,65.77,73.31,,44.8,,34.25,29.7,,,17.5,15.0,13.3,10.3,9.5,,6.6,,4.8,,,,3.4,,,,1.6,,,,1.02,,,,0.45,,,,,,
2023-08-28,,,,,,,,,,,,,,,,,,,,,,,,724.98,,,,539.8,,500.57,459.55,,377.04,302.9,,225.91,164.9,128.66,109.7,97.7,81.4,63.92,,50.7,,36.1,,26.14,21.93,18.13,17.1,14.05,11.5,9.0,,,,4.95,,3.5,,2.75,,,,1.65,,,,,,,,,,0.45,,,0.25,,,,,
2023-10-20,,,,,,,,,,,,,,,,,,,,,,,,549.02,,,422.6,349.83,,314.62,262.03,,191.24,128.3,105.09,76.99,41.4,29.1,19.69,15.66,12.91,8.64,7.0,5.76,5.2,3.84,3.61,2.91,2.36,1.97,1.6,1.42,1.22,1.05,0.9,0.8,0.75,0.7,0.55,,,0.42,,0.38,,0.35,,,,0.22,,,,0.2,,,,,,,0.1,0.08,,
2023-11-06,,,,,,,,,,,,,,,,,,,,,,,,607.91,,,,418.6,396.15,376.63,320.0,,245.69,167.51,134.41,103.51,53.44,35.51,23.32,18.0,14.2,8.6,6.8,5.2,4.1,3.3,,2.15,,1.45,,1.0,,0.75,,0.65,,0.5,,,,,,,,0.25,,,,,,,,,,0.07,,,0.05,,,,,
2023-11-13,,,,,,,,,,,,,,,,,,,,,,,,650.5,,586.44,561.68,459.58,,,374.43,323.05,282.33,199.98,163.15,126.3,67.3,46.1,29.7,23.43,18.69,11.1,8.31,6.3,4.9,3.8,2.9,2.27,2.0,1.4,,0.97,,0.65,0.55,0.5,,0.35,,,,,,,,,,,,,,,,,,,,,,,,,,
2024-01-16,,,,,,,,,,,,,,,,,,,,,,,,966.91,,920.0,,767.81,737.07,713.94,667.8,613.28,561.4,471.05,,365.56,259.48,211.81,162.0,134.5,114.4,64.6,47.7,29.46,14.44,6.04,1.8,0.45,0.2,0.1,0.1,0.1,0.1,0.05,,0.07,,,,,,,,,,,,,,,,,,,,,,,,,,,,
2023-10-31,,,,,,,,,,,,,,,,,,,,,,,,,424.85,415.3,360.55,,,241.09,211.4,176.6,142.17,87.45,65.24,45.1,20.94,12.8,8.1,6.7,5.62,3.43,,2.28,2.05,1.6,1.34,,1.07,0.85,,,0.65,0.5,,0.45,,,,,,,,,,,,,,,,,,,,,,,,,,,,
2023-05-18,,,,,,,,,,,,,,,,,,,,,,,,,,525.23,,413.9,,,360.0,326.98,292.7,226.01,196.31,172.1,121.5,,,,60.0,42.55,,36.62,,31.4,,23.3,,17.99,,13.0,,11.79,,,,7.87,,,,5.39,,,,,,,,2.84,,,,,,1.52,,,,,0.59,,,
2023-10-25,,,,,,,,,,,,,,,,,,,,,,,,,,434.42,380.41,301.92,,,225.5,193.09,157.5,101.96,77.3,57.49,28.9,19.25,12.28,10.06,8.1,5.2,4.51,3.62,3.21,2.5,2.2,1.85,1.6,1.45,1.15,1.05,0.9,0.75,0.65,0.55,0.5,,,0.42,,0.35,,0.3,,0.25,,,,0.17,,,,0.15,,0.1,,,,,,,,
2023-04-13,,,,,,,,,,,,,,,,,,,,,,,,,,,478.92,429.3,,,356.0,326.95,289.37,226.43,199.33,182.2,122.9,,90.97,,,65.6,,54.61,,41.2,,35.6,,28.95,,20.8,,,,,,11.9,,,,9.17,,,,,,,,5.0,,,,,,2.67,,,1.62,,,,,0.25
2023-04-14,,,,,,,,,,,,,,,,,,,,,,,,,,,484.4,,,,,319.5,287.9,,196.89,181.83,140.82,,87.1,,72.0,59.1,,47.5,,40.2,,31.8,,25.4,,20.7,,16.9,,13.9,,11.5,,,,,,,,,,,,,,,,,,2.5,,,,,0.95,,,0.25
2023-06-07,,,,,,,,,,,,,,,,,,,,,,,,,,,559.18,,,,,,325.33,,,183.3,143.56,112.6,88.6,,72.4,54.97,,50.11,,32.95,,25.4,,21.61,,15.7,,12.0,,,,7.68,,,,4.42,,,,,,,,1.95,,,,,,0.93,,,,,,0.2,,
2023-06-12,,,,,,,,,,,,,,,,,,,,,,,,,,,593.96,507.42,,,,386.59,364.48,288.0,257.0,222.16,151.42,,113.9,,92.86,73.32,,,,40.96,,31.49,,27.93,,18.4,,15.75,,,,8.36,,,,5.9,,,,,,,,,,,,,,1.15,,,0.61,,0.27,0.18,,
2023-08-23,,,,,,,,,,,,,,,,,,,,,,,,,,,637.86,,,515.49,,,373.7,312.72,271.63,241.88,174.62,141.6,120.32,108.1,,72.3,65.9,59.53,46.24,44.79,,29.88,,22.85,15.82,16.3,13.7,11.5,10.0,,6.6,5.8,,4.46,,,,2.02,,1.57,,,,,,,,,,,,,0.3,,,,,
2023-09-14,,,,,,,,,,,,,,,,,,,,,,,,,,,682.7,577.58,,542.6,,,416.01,331.87,274.06,252.72,178.1,136.41,118.0,,92.0,71.07,,52.2,44.35,37.64,31.69,26.43,20.07,18.5,15.4,12.27,10.41,8.72,7.42,5.51,4.5,4.3,3.71,3.07,,2.4,,1.57,,1.35,,,,,,,,,,0.4,,,,,,,,
2023-10-30,,,,,,,,,,,,,,,,,,,,,,,,,,,331.82,259.85,254.97,242.04,206.19,165.7,135.94,83.6,63.3,47.0,21.44,14.21,9.25,7.5,5.7,4.0,2.92,2.72,2.27,1.8,1.65,1.35,1.05,1.02,,0.7,,0.55,,,,0.35,,,,,,,,0.2,,,,0.15,,,,,,0.1,,,,,0.05,,,
2023-04-18,,,,,,,,,,,,,,,,,,,,,,,,,,,,426.78,406.9,,,318.55,290.92,231.09,200.32,177.07,129.27,108.32,91.0,,,62.63,,49.66,,39.05,,31.88,,25.74,,21.19,,,,,,11.49,,,,8.02,,,,,,,,,,,,,,2.5,,,1.5,,,,,
2023-05-26,,,,,,,,,,,,,,,,,,,,,,,,,,,,443.4,,,366.07,327.36,298.62,232.85,,170.0,123.0,101.16,81.51,,61.32,51.19,,39.3,,32.84,,25.7,,18.0,,,,11.8,,9.65,,6.4,,,,5.1,,,,,,,,2.35,,,,,,1.35,,,0.65,,,,,0.1
2023-07-28,,,,,,,,,,,,,,,,,,,,,,,,,,,,706.5,,,,,516.02,,403.23,,285.6,244.35,212.5,201.78,,150.14,,,,,91.14,80.97,70.73,62.45,53.7,,42.21,33.1,30.29,,,20.8,16.6,15.4,,11.4,,8.77,,6.4,,,,3.74,,,,2.22,,1.41,,0.85,0.65,,0.3,,,
2023-07-31,,,,,,,,,,,,,,,,,,,,,,,,,,,,701.59,,,,,530.69,,,364.1,285.02,249.39,216.9,,184.0,150.55,141.43,126.1,113.94,101.22,94.45,79.67,71.66,61.5,56.6,50.2,,36.55,33.1,28.2,24.3,20.98,18.8,15.58,,11.6,,8.5,,6.6,,,,3.7,,,,2.16,,,,0.95,,,0.25,,,
2023-08-11,,,,,,,,,,,,,,,,,,,,,,,,,,,,593.38,,,,459.16,424.49,,,270.21,199.78,172.47,140.3,,,92.4,78.58,73.28,63.33,52.84,50.17,40.93,,31.0,,22.0,19.2,16.0,13.6,,,8.2,6.7,5.6,,4.19,,,,,,,,,,,,0.9,,0.55,,,0.35,,,0.1,,
2023-08-18,,,,,,,,,,,,,,,,,,,,,,,,,,,,511.04,,,429.88,,341.31,270.2,239.95,205.94,150.0,117.66,98.8,85.7,75.25,60.8,52.54,45.25,,34.05,28.86,25.37,,18.2,14.7,12.3,,8.9,7.4,6.24,5.35,4.5,3.9,3.4,,2.45,,,,,,,,0.95,,,,0.65,,0.45,,,0.25,,0.15,,,
2023-08-24,,,,,,,,,,,,,,,,,,,,,,,,,,,,536.5,,,,,350.92,321.83,,210.17,145.85,115.6,95.13,110.89,79.68,57.7,,62.1,39.7,30.15,29.8,21.75,,17.37,,11.5,,8.51,,6.2,,4.1,3.91,3.5,,2.45,,1.85,,1.4,,,,0.85,,,,0.52,,,,,0.25,,,,,
2023-09-11,,,,,,,,,,,,,,,,,,,,,,,,,,,,583.18,,,,,407.02,325.5,,246.57,178.0,140.18,112.98,,,70.1,57.5,52.21,44.97,38.1,32.39,27.5,,17.85,,12.8,,9.3,7.15,6.0,,,,3.0,,,,,,,,,,,,,,,,,,,0.2,,0.1,,,
2023-09-27,,,,,,,,,,,,,,,,,,,,,,,,,,,,390.8,,,,256.05,231.75,169.2,140.79,111.64,66.0,49.35,35.55,26.97,24.73,19.21,14.65,10.73,9.89,9.01,,6.2,,4.0,3.3,,2.2,2.17,1.8,,1.37,1.1,1.0,1.1,,0.7,,0.52,,0.46,,,,0.32,,,,0.25,,,,0.15,,,,,,0.05
2023-09-29,,,,,,,,,,,,,,,,,,,,,,,,,,,,389.68,,347.41,,274.69,235.58,170.9,141.03,107.79,64.8,46.88,35.84,31.96,25.17,17.8,16.3,12.0,9.9,8.1,,5.66,5.5,4.6,,2.83,2.45,2.05,,1.55,1.35,,1.05,0.95,,0.75,,0.62,,0.47,,,,,,,,,,,,,,,,,,
2023-10-10,,,,,,,,,,,,,,,,,,,,,,,,,,,,450.66,,,382.3,,,210.28,179.1,142.05,88.1,68.4,49.51,42.57,36.2,25.0,21.08,18.08,13.2,12.5,11.1,8.3,6.99,5.5,4.6,4.1,3.1,2.67,,,1.7,1.6,1.25,1.25,,0.95,,,,0.55,,,,,,,,,,,,,,,,,,
2023-10-11,,,,,,,,,,,,,,,,,,,,,,,,,,,,444.8,,,357.58,330.48,282.94,208.91,185.16,152.3,95.04,69.96,51.1,43.2,36.47,24.35,21.01,17.5,,12.35,9.1,7.55,6.42,5.27,4.35,,3.1,2.65,,,1.5,,,0.95,,,,0.6,,,,,,,,,,,,,,,,0.1,,,,
2023-10-12,,,,,,,,,,,,,,,,,,,,,,,,,,,,436.95,,,344.37,305.26,266.61,194.9,159.65,132.9,78.81,57.85,42.0,37.3,28.8,19.99,16.21,13.44,,8.97,7.0,5.9,5.6,4.05,3.24,2.75,,1.92,1.75,,,1.15,,0.85,,0.7,,,,,,,,,,,,,,,,,,0.1,,0.05,,
2023-10-16,,,,,,,,,,,,,,,,,,,,,,,,,,,,462.81,,416.31,,333.28,292.83,213.18,180.12,142.3,87.8,65.3,48.75,41.07,33.7,23.2,15.17,15.4,12.2,10.3,8.65,7.0,5.55,4.8,,3.38,,2.37,,1.77,,,1.05,,,0.8,,0.6,,,,,,,,,,,,,,,,,,,,
2023-10-17,,,,,,,,,,,,,,,,,,,,,,,,,,,,451.3,,,345.44,,,210.21,176.01,142.51,84.52,62.4,45.4,36.34,32.5,21.11,,14.34,12.06,9.5,8.07,6.4,5.3,4.95,3.1,3.4,2.65,2.3,,1.7,,1.2,,0.9,,0.8,,,,0.5,,,,,,,,,,,,0.15,,,,,,
2023-10-19,,,,,,,,,,,,,,,,,,,,,,,,,,,,383.69,,359.83,332.67,,228.97,154.89,130.19,99.41,55.7,40.86,28.2,23.08,18.8,12.16,12.53,7.66,,5.35,4.45,3.62,2.72,2.39,2.5,2.4,,1.22,1.05,0.9,,,,,,,,,,0.4,,,,,,,,,,0.15,,,,0.1,0.05,,,
2023-11-28,,,,,,,,,,,,,,,,,,,,,,,,,,,,587.66,,,,,399.84,301.35,252.67,204.49,129.8,95.32,66.3,52.71,40.72,25.94,22.35,14.8,10.94,7.9,5.81,4.3,,2.3,1.65,1.4,,0.8,0.6,0.5,0.45,0.4,,,,0.25,,,,0.15,,,,0.1,,,,,,,,,,,,,,
2023-12-13,,,,,,,,,,,,,,,,,,,,,,,,,,,,701.7,643.1,675.9,,,524.82,435.24,380.37,329.31,235.06,191.7,153.07,122.83,110.31,78.0,63.4,50.0,32.5,30.69,19.74,16.91,10.9,7.78,5.8,4.3,2.16,2.08,0.95,1.35,1.1,0.5,,0.25,,0.35,,0.26,,0.25,,,,0.25,,,,0.05,,0.1,,,,,,,,
2023-12-21,,,,,,,,,,,,,,,,,,,,,,,,,,,,742.84,,,,,543.67,433.5,389.85,364.24,275.51,219.28,182.0,160.92,122.95,101.3,81.04,69.4,54.4,42.0,32.4,24.7,18.23,13.4,9.2,6.8,3.58,3.4,2.15,1.21,1.2,0.85,0.7,0.6,0.5,0.45,0.4,0.35,0.3,0.27,,,,0.15,,,,,,0.1,,,0.1,,0.05,,,
2023-05-12,,,,,,,,,,,,,,,,,,,,,,,,,,,,,,,331.3,,250.42,,,142.5,93.22,,63.18,,47.49,,,30.59,,22.67,,17.5,,14.4,,11.03,,9.1,,8.3,,6.73,,,,4.3,,,,,,,,2.25,,,,,,,,,0.9,,0.45,,,
2023-09-07,,,,,,,,,,,,,,,,,,,,,,,,,,,,,,,456.89,,383.9,,268.88,,161.4,130.66,107.46,,84.31,61.8,52.9,46.53,39.69,34.3,,25.25,20.55,17.49,14.65,12.2,10.05,8.55,7.25,6.0,,4.25,,3.1,,2.35,,,,1.35,,,,0.9,,,,0.65,,0.45,,,,,,,,
