ContractName,Strike,Maturity,Close
SPXW240122C04150000,4150.0,2024-01-22,656.57
SPXW240122C04200000,4200.0,2024-01-22,634.27
SPXW240122C04300000,4300.0,2024-01-22,539.02
SPXW240122C04350000,4350.0,2024-01-22,445.83
SPXW240122C04400000,4400.0,2024-01-22,405.29
SPXW240122C04500000,4500.0,2024-01-22,340.2
SPXW240122C04550000,4550.0,2024-01-22,287.53
SPXW240122C04600000,4600.0,2024-01-22,237.77
SPXW240122C04625000,4625.0,2024-01-22,180.33
SPXW240122C04650000,4650.0,2024-01-22,187.87
SPXW240122C04700000,4700.0,2024-01-22,137.55
SPXW240122C04725000,4725.0,2024-01-22,111.57
SPXW240122C04750000,4750.0,2024-01-22,88.5
SPXW240122C04775000,4775.0,2024-01-22,65.0
SPXW240122C04800000,4800.0,2024-01-22,42.94
SPXW240122C04825000,4825.0,2024-01-22,22.6
SPXW240122C04850000,4850.0,2024-01-22,7.15
SPXW240122C04875000,4875.0,2024-01-22,1.45
SPXW240122C04900000,4900.0,2024-01-22,0.2
SPXW240122C04925000,4925.0,2024-01-22,0.07
SPXW240122C04950000,4950.0,2024-01-22,0.05
SPXW240122C04975000,4975.0,2024-01-22,0.05
SPXW240122C05000000,5000.0,2024-01-22,0.05
SPXW240122C05025000,5025.0,2024-01-22,0.05
SPXW240122C05050000,5050.0,2024-01-22,0.05
SPXW240122C05100000,5100.0,2024-01-22,0.05
SPXW240123C04500000,4500.0,2024-01-23,287.91
SPXW240123C04550000,4550.0,2024-01-23,284.16
SPXW240123C04650000,4650.0,2024-01-23,188.31
SPXW240123C04725000,4725.0,2024-01-23,113.35
SPXW240123C04750000,4750.0,2024-01-23,89.57
SPXW240123C04775000,4775.0,2024-01-23,67.05
SPXW240123C04800000,4800.0,2024-01-23,46.66
SPXW240123C04825000,4825.0,2024-01-23,27.2
SPXW240123C04850000,4850.0,2024-01-23,11.85
SPXW240123C04875000,4875.0,2024-01-23,4.0
SPXW240123C04900000,4900.0,2024-01-23,1.07
SPXW240123C04925000,4925.0,2024-01-23,0.27
SPXW240123C04950000,4950.0,2024-01-23,0.18
SPXW240123C04975000,4975.0,2024-01-23,0.1
SPXW240123C05000000,5000.0,2024-01-23,0.1
SPXW240123C05025000,5025.0,2024-01-23,0.07
SPXW240123C05050000,5050.0,2024-01-23,0.08
SPXW240123C05100000,5100.0,2024-01-23,0.05
SPXW240123C05125000,5125.0,2024-01-23,0.05
SPXW240123C05200000,5200.0,2024-01-23,0.05
SPXW240123C05600000,5600.0,2024-01-23,0.05
SPXW240124C04550000,4550.0,2024-01-24,288.14
SPXW240124C04600000,4600.0,2024-01-24,215.32
SPXW240124C04650000,4650.0,2024-01-24,188.98
SPXW240124C04700000,4700.0,2024-01-24,134.95
SPXW240124C04725000,4725.0,2024-01-24,110.06
SPXW240124C04750000,4750.0,2024-01-24,89.62
SPXW240124C04775000,4775.0,2024-01-24,67.74
SPXW240124C04800000,4800.0,2024-01-24,49.9
SPXW240124C04825000,4825.0,2024-01-24,29.8
SPXW240124C04850000,4850.0,2024-01-24,16.24
SPXW240124C04875000,4875.0,2024-01-24,6.75
SPXW240124C04900000,4900.0,2024-01-24,2.5
SPXW240124C04925000,4925.0,2024-01-24,0.65
SPXW240124C04950000,4950.0,2024-01-24,0.25
SPXW240124C04975000,4975.0,2024-01-24,0.15
SPXW240124C05000000,5000.0,2024-01-24,0.12
SPXW240124C05025000,5025.0,2024-01-24,0.1
SPXW240124C05050000,5050.0,2024-01-24,0.1
SPXW240124C05200000,5200.0,2024-01-24,0.05
SPXW240124C05300000,5300.0,2024-01-24,0.05
SPXW240124C05400000,5400.0,2024-01-24,0.05
SPXW240125C04500000,4500.0,2024-01-25,313.67
SPXW240125C04550000,4550.0,2024-01-25,253.56
SPXW240125C04600000,4600.0,2024-01-25,203.71
SPXW240125C04650000,4650.0,2024-01-25,179.16
SPXW240125C04700000,4700.0,2024-01-25,145.52
SPXW240125C04725000,4725.0,2024-01-25,109.0
SPXW240125C04750000,4750.0,2024-01-25,96.88
SPXW240125C04775000,4775.0,2024-01-25,74.07
SPXW240125C04800000,4800.0,2024-01-25,49.79
SPXW240125C04825000,4825.0,2024-01-25,34.1
SPXW240125C04850000,4850.0,2024-01-25,20.0
SPXW240125C04875000,4875.0,2024-01-25,9.13
SPXW240125C04900000,4900.0,2024-01-25,4.69
SPXW240125C04925000,4925.0,2024-01-25,1.5
SPXW240125C04950000,4950.0,2024-01-25,0.6
SPXW240125C04975000,4975.0,2024-01-25,0.2
SPXW240125C05000000,5000.0,2024-01-25,0.2
SPXW240125C05025000,5025.0,2024-01-25,0.2
SPXW240125C05100000,5100.0,2024-01-25,0.12
SPXW240125C05200000,5200.0,2024-01-25,0.07
SPXW240126C04000000,4000.0,2024-01-26,845.24
SPXW240126C04150000,4150.0,2024-01-26,655.68
SPXW240126C04300000,4300.0,2024-01-26,503.32
SPXW240126C04400000,4400.0,2024-01-26,440.62
SPXW240126C04500000,4500.0,2024-01-26,305.12
SPXW240126C04600000,4600.0,2024-01-26,241.07
SPXW240126C04625000,4625.0,2024-01-26,209.53
SPXW240126C04650000,4650.0,2024-01-26,165.3
SPXW240126C04700000,4700.0,2024-01-26,148.24
SPXW240126C04725000,4725.0,2024-01-26,118.79
SPXW240126C04750000,4750.0,2024-01-26,100.39
SPXW240126C04775000,4775.0,2024-01-26,73.35
SPXW240126C04800000,4800.0,2024-01-26,56.84
SPXW240126C04825000,4825.0,2024-01-26,38.8
SPXW240126C04850000,4850.0,2024-01-26,23.0
SPXW240126C04875000,4875.0,2024-01-26,12.88
SPXW240126C04900000,4900.0,2024-01-26,6.39
SPXW240126C04925000,4925.0,2024-01-26,2.78
SPXW240126C04950000,4950.0,2024-01-26,1.15
SPXW240126C04975000,4975.0,2024-01-26,0.5
SPXW240126C05000000,5000.0,2024-01-26,0.25
SPXW240126C05025000,5025.0,2024-01-26,0.1
SPXW240126C05050000,5050.0,2024-01-26,0.1
SPXW240126C05075000,5075.0,2024-01-26,0.2
SPXW240126C05100000,5100.0,2024-01-26,0.1
SPXW240126C05150000,5150.0,2024-01-26,0.08
SPXW240126C05200000,5200.0,2024-01-26,0.05
SPXW240126C05300000,5300.0,2024-01-26,0.1
SPXW240126C05400000,5400.0,2024-01-26,0.05
SPXW240129C04000000,4000.0,2024-01-29,843.72
SPXW240129C04500000,4500.0,2024-01-29,315.27
SPXW240129C04600000,4600.0,2024-01-29,236.55
SPXW240129C04625000,4625.0,2024-01-29,186.33
SPXW240129C04650000,4650.0,2024-01-29,181.69
SPXW240129C04700000,4700.0,2024-01-29,113.88
SPXW240129C04725000,4725.0,2024-01-29,120.24
SPXW240129C04750000,4750.0,2024-01-29,95.1
SPXW240129C04775000,4775.0,2024-01-29,73.8
SPXW240129C04800000,4800.0,2024-01-29,56.4
SPXW240129C04825000,4825.0,2024-01-29,41.7
SPXW240129C04850000,4850.0,2024-01-29,27.23
SPXW240129C04875000,4875.0,2024-01-29,15.8
SPXW240129C04900000,4900.0,2024-01-29,8.8
SPXW240129C04925000,4925.0,2024-01-29,4.29
SPXW240129C04950000,4950.0,2024-01-29,1.9
SPXW240129C04975000,4975.0,2024-01-29,0.95
SPXW240129C05000000,5000.0,2024-01-29,0.47
SPXW240129C05025000,5025.0,2024-01-29,0.42
SPXW240129C05050000,5050.0,2024-01-29,0.3
SPXW240129C05100000,5100.0,2024-01-29,0.2
SPXW240129C05200000,5200.0,2024-01-29,0.1
SPXW240129C05600000,5600.0,2024-01-29,0.05
SPXW240130C04000000,4000.0,2024-01-30,841.14
SPXW240130C04400000,4400.0,2024-01-30,411.0
SPXW240130C04550000,4550.0,2024-01-30,247.86
SPXW240130C04600000,4600.0,2024-01-30,242.53
SPXW240130C04650000,4650.0,2024-01-30,174.66
SPXW240130C04700000,4700.0,2024-01-30,145.18
SPXW240130C04725000,4725.0,2024-01-30,122.24
SPXW240130C04750000,4750.0,2024-01-30,101.61
SPXW240130C04775000,4775.0,2024-01-30,80.41
SPXW240130C04800000,4800.0,2024-01-30,59.17
SPXW240130C04825000,4825.0,2024-01-30,42.58
SPXW240130C04850000,4850.0,2024-01-30,27.6
SPXW240130C04875000,4875.0,2024-01-30,17.72
SPXW240130C04900000,4900.0,2024-01-30,10.94
SPXW240130C04925000,4925.0,2024-01-30,5.89
SPXW240130C04950000,4950.0,2024-01-30,2.96
SPXW240130C04975000,4975.0,2024-01-30,1.53
SPXW240130C05000000,5000.0,2024-01-30,0.78
SPXW240130C05025000,5025.0,2024-01-30,0.7
SPXW240130C05050000,5050.0,2024-01-30,0.17
SPXW240130C05100000,5100.0,2024-01-30,0.15
SPXW240130C05200000,5200.0,2024-01-30,0.1
SPXW240130C05400000,5400.0,2024-01-30,0.05
SPXW240131C04025000,4025.0,2024-01-31,777.98
SPXW240131C04300000,4300.0,2024-01-31,534.64
SPXW240131C04350000,4350.0,2024-01-31,491.62
SPXW240131C04400000,4400.0,2024-01-31,419.34
SPXW240131C04500000,4500.0,2024-01-31,344.26
SPXW240131C04550000,4550.0,2024-01-31,294.59
SPXW240131C04600000,4600.0,2024-01-31,243.2
SPXW240131C04625000,4625.0,2024-01-31,174.98
SPXW240131C04650000,4650.0,2024-01-31,198.38
SPXW240131C04700000,4700.0,2024-01-31,149.74
SPXW240131C04725000,4725.0,2024-01-31,129.9
SPXW240131C04750000,4750.0,2024-01-31,107.6
SPXW240131C04775000,4775.0,2024-01-31,86.6
SPXW240131C04800000,4800.0,2024-01-31,64.1
SPXW240131C04825000,4825.0,2024-01-31,47.8
SPXW240131C04850000,4850.0,2024-01-31,35.3
SPXW240131C04875000,4875.0,2024-01-31,22.69
SPXW240131C04900000,4900.0,2024-01-31,15.25
SPXW240131C04925000,4925.0,2024-01-31,9.25
SPXW240131C04950000,4950.0,2024-01-31,5.19
SPXW240131C04975000,4975.0,2024-01-31,3.02
SPXW240131C05000000,5000.0,2024-01-31,1.7
SPXW240131C05025000,5025.0,2024-01-31,1.21
SPXW240131C05050000,5050.0,2024-01-31,0.83
SPXW240131C05075000,5075.0,2024-01-31,0.55
SPXW240131C05100000,5100.0,2024-01-31,0.27
SPXW240131C05125000,5125.0,2024-01-31,0.3
SPXW240131C05150000,5150.0,2024-01-31,0.15
SPXW240131C05200000,5200.0,2024-01-31,0.1
SPXW240131C05250000,5250.0,2024-01-31,0.1
SPXW240131C05275000,5275.0,2024-01-31,0.06
SPXW240131C05300000,5300.0,2024-01-31,0.1
SPXW240131C05325000,5325.0,2024-01-31,0.07
SPXW240131C05350000,5350.0,2024-01-31,0.07
SPXW240131C05400000,5400.0,2024-01-31,0.05
SPXW240131C05500000,5500.0,2024-01-31,0.05
SPXW240131C05700000,5700.0,2024-01-31,0.05
SPXW240201C04200000,4200.0,2024-02-01,614.22
SPXW240201C04700000,4700.0,2024-02-01,153.65
SPXW240201C04725000,4725.0,2024-02-01,126.02
SPXW240201C04750000,4750.0,2024-02-01,110.0
SPXW240201C04775000,4775.0,2024-02-01,83.1
SPXW240201C04800000,4800.0,2024-02-01,67.27
SPXW240201C04825000,4825.0,2024-02-01,54.29
SPXW240201C04850000,4850.0,2024-02-01,38.48
SPXW240201C04875000,4875.0,2024-02-01,26.56
SPXW240201C04900000,4900.0,2024-02-01,17.59
SPXW240201C04925000,4925.0,2024-02-01,10.85
SPXW240201C04950000,4950.0,2024-02-01,6.4
SPXW240201C04975000,4975.0,2024-02-01,3.85
SPXW240201C05000000,5000.0,2024-02-01,2.45
SPXW240201C05025000,5025.0,2024-02-01,1.62
SPXW240201C05050000,5050.0,2024-02-01,1.07
SPXW240201C05100000,5100.0,2024-02-01,0.52
SPXW240201C05600000,5600.0,2024-02-01,0.05
SPXW240202C04000000,4000.0,2024-02-02,842.42
SPXW240202C04400000,4400.0,2024-02-02,440.0
SPXW240202C04600000,4600.0,2024-02-02,217.0
SPXW240202C04625000,4625.0,2024-02-02,184.0
SPXW240202C04650000,4650.0,2024-02-02,190.75
SPXW240202C04700000,4700.0,2024-02-02,153.7
SPXW240202C04725000,4725.0,2024-02-02,130.13
SPXW240202C04750000,4750.0,2024-02-02,110.05
SPXW240202C04775000,4775.0,2024-02-02,93.6
SPXW240202C04800000,4800.0,2024-02-02,73.37
SPXW240202C04825000,4825.0,2024-02-02,56.43
SPXW240202C04850000,4850.0,2024-02-02,41.88
SPXW240202C04875000,4875.0,2024-02-02,29.66
SPXW240202C04900000,4900.0,2024-02-02,20.37
SPXW240202C04925000,4925.0,2024-02-02,13.92
SPXW240202C04950000,4950.0,2024-02-02,8.3
SPXW240202C04975000,4975.0,2024-02-02,5.1
SPXW240202C05000000,5000.0,2024-02-02,3.15
SPXW240202C05025000,5025.0,2024-02-02,2.0
SPXW240202C05050000,5050.0,2024-02-02,1.3
SPXW240202C05075000,5075.0,2024-02-02,1.04
SPXW240202C05100000,5100.0,2024-02-02,0.62
SPXW240202C05150000,5150.0,2024-02-02,0.35
SPXW240202C05200000,5200.0,2024-02-02,0.2
SPXW240202C05300000,5300.0,2024-02-02,0.15
SPXW240202C05400000,5400.0,2024-02-02,0.1
SPXW240205C04550000,4550.0,2024-02-05,255.52
SPXW240205C04650000,4650.0,2024-02-05,203.1
SPXW240205C04700000,4700.0,2024-02-05,133.55
SPXW240205C04725000,4725.0,2024-02-05,98.6
SPXW240205C04750000,4750.0,2024-02-05,112.15
SPXW240205C04775000,4775.0,2024-02-05,93.49
SPXW240205C04800000,4800.0,2024-02-05,74.29
SPXW240205C04825000,4825.0,2024-02-05,57.22
SPXW240205C04850000,4850.0,2024-02-05,42.48
SPXW240205C04875000,4875.0,2024-02-05,30.41
SPXW240205C04900000,4900.0,2024-02-05,22.7
SPXW240205C04925000,4925.0,2024-02-05,14.47
SPXW240205C04950000,4950.0,2024-02-05,10.04
SPXW240205C04975000,4975.0,2024-02-05,6.4
SPXW240205C05000000,5000.0,2024-02-05,4.2
SPXW240205C05050000,5050.0,2024-02-05,1.55
SPXW240205C05100000,5100.0,2024-02-05,0.75
SPXW240205C05200000,5200.0,2024-02-05,0.27
SPXW240205C05400000,5400.0,2024-02-05,0.1
SPXW240206C04700000,4700.0,2024-02-06,118.14
SPXW240206C04750000,4750.0,2024-02-06,96.18
SPXW240206C04775000,4775.0,2024-02-06,95.21
SPXW240206C04800000,4800.0,2024-02-06,77.15
SPXW240206C04825000,4825.0,2024-02-06,58.67
SPXW240206C04850000,4850.0,2024-02-06,46.23
SPXW240206C04875000,4875.0,2024-02-06,34.56
SPXW240206C04900000,4900.0,2024-02-06,23.21
SPXW240206C04925000,4925.0,2024-02-06,8.4
SPXW240206C04950000,4950.0,2024-02-06,11.0
SPXW240206C04975000,4975.0,2024-02-06,3.05
SPXW240206C05000000,5000.0,2024-02-06,3.4
SPXW240206C05100000,5100.0,2024-02-06,0.7
SPXW240207C04500000,4500.0,2024-02-07,349.07
SPXW240207C04550000,4550.0,2024-02-07,282.6
SPXW240207C04600000,4600.0,2024-02-07,251.86
SPXW240207C04700000,4700.0,2024-02-07,156.51
SPXW240207C04725000,4725.0,2024-02-07,110.76
SPXW240207C04775000,4775.0,2024-02-07,74.1
SPXW240207C04800000,4800.0,2024-02-07,74.5
SPXW240207C04825000,4825.0,2024-02-07,63.5
SPXW240207C04850000,4850.0,2024-02-07,46.36
SPXW240207C04875000,4875.0,2024-02-07,23.13
SPXW240207C04900000,4900.0,2024-02-07,21.39
SPXW240207C04925000,4925.0,2024-02-07,17.95
SPXW240207C04950000,4950.0,2024-02-07,11.42
SPXW240207C04975000,4975.0,2024-02-07,3.58
SPXW240207C05000000,5000.0,2024-02-07,5.5
SPXW240207C05100000,5100.0,2024-02-07,0.5
SPXW240207C05200000,5200.0,2024-02-07,0.17
SPXW240207C05300000,5300.0,2024-02-07,0.12
SPXW240207C05400000,5400.0,2024-02-07,0.07
SPXW240208C04700000,4700.0,2024-02-08,160.2
SPXW240208C04775000,4775.0,2024-02-08,91.15
SPXW240208C04800000,4800.0,2024-02-08,68.94
SPXW240208C04825000,4825.0,2024-02-08,56.67
SPXW240208C04850000,4850.0,2024-02-08,49.69
SPXW240208C04875000,4875.0,2024-02-08,36.14
SPXW240208C04900000,4900.0,2024-02-08,23.11
SPXW240208C04925000,4925.0,2024-02-08,11.8
SPXW240208C04950000,4950.0,2024-02-08,13.73
SPXW240208C04975000,4975.0,2024-02-08,9.03
SPXW240208C05000000,5000.0,2024-02-08,5.94
SPXW240208C05050000,5050.0,2024-02-08,2.4
SPXW240208C05200000,5200.0,2024-02-08,0.46
SPXW240208C05300000,5300.0,2024-02-08,0.2
SPXW240209C03850000,3850.0,2024-02-09,957.18
SPXW240209C04400000,4400.0,2024-02-09,426.6
SPXW240209C04550000,4550.0,2024-02-09,306.73
SPXW240209C04600000,4600.0,2024-02-09,258.47
SPXW240209C04650000,4650.0,2024-02-09,206.16
SPXW240209C04700000,4700.0,2024-02-09,166.0
SPXW240209C04725000,4725.0,2024-02-09,131.24
SPXW240209C04750000,4750.0,2024-02-09,122.34
SPXW240209C04775000,4775.0,2024-02-09,100.31
SPXW240209C04800000,4800.0,2024-02-09,82.65
SPXW240209C04825000,4825.0,2024-02-09,66.65
SPXW240209C04850000,4850.0,2024-02-09,53.1
SPXW240209C04875000,4875.0,2024-02-09,39.7
SPXW240209C04900000,4900.0,2024-02-09,30.05
SPXW240209C04925000,4925.0,2024-02-09,21.55
SPXW240209C04950000,4950.0,2024-02-09,14.55
SPXW240209C04975000,4975.0,2024-02-09,9.4
SPXW240209C05000000,5000.0,2024-02-09,6.62
SPXW240209C05025000,5025.0,2024-02-09,4.19
SPXW240209C05050000,5050.0,2024-02-09,2.77
SPXW240209C05075000,5075.0,2024-02-09,1.9
SPXW240209C05100000,5100.0,2024-02-09,1.3
SPXW240209C05125000,5125.0,2024-02-09,0.92
SPXW240209C05150000,5150.0,2024-02-09,0.67
SPXW240209C05200000,5200.0,2024-02-09,0.5
SPXW240209C05400000,5400.0,2024-02-09,0.1
SPXW240212C04600000,4600.0,2024-02-12,219.23
SPXW240212C04700000,4700.0,2024-02-12,167.07
SPXW240212C04725000,4725.0,2024-02-12,142.79
SPXW240212C04775000,4775.0,2024-02-12,98.11
SPXW240212C04800000,4800.0,2024-02-12,83.29
SPXW240212C04825000,4825.0,2024-02-12,67.99
SPXW240212C04850000,4850.0,2024-02-12,52.45
SPXW240212C04875000,4875.0,2024-02-12,38.76
SPXW240212C04900000,4900.0,2024-02-12,29.25
SPXW240212C04925000,4925.0,2024-02-12,21.49
SPXW240212C04950000,4950.0,2024-02-12,15.7
SPXW240212C05000000,5000.0,2024-02-12,7.15
SPXW240212C05100000,5100.0,2024-02-12,1.1
SPXW240212C05200000,5200.0,2024-02-12,0.5
SPXW240213C04150000,4150.0,2024-02-13,650.8
SPXW240213C04650000,4650.0,2024-02-13,209.3
SPXW240213C04800000,4800.0,2024-02-13,59.7
SPXW240213C04825000,4825.0,2024-02-13,65.37
SPXW240213C04850000,4850.0,2024-02-13,57.31
SPXW240213C04875000,4875.0,2024-02-13,32.5
SPXW240213C04900000,4900.0,2024-02-13,33.6
SPXW240213C04925000,4925.0,2024-02-13,25.0
SPXW240213C04950000,4950.0,2024-02-13,16.1
SPXW240213C05100000,5100.0,2024-02-13,2.05
SPXW240214C04700000,4700.0,2024-02-14,157.8
SPXW240214C04725000,4725.0,2024-02-14,127.8
SPXW240214C04750000,4750.0,2024-02-14,123.98
SPXW240214C04775000,4775.0,2024-02-14,107.7
SPXW240214C04800000,4800.0,2024-02-14,90.79
SPXW240214C04825000,4825.0,2024-02-14,54.66
SPXW240214C04850000,4850.0,2024-02-14,56.83
SPXW240214C04900000,4900.0,2024-02-14,34.31
SPXW240214C04925000,4925.0,2024-02-14,24.17
SPXW240214C04950000,4950.0,2024-02-14,17.52
SPXW240214C05000000,5000.0,2024-02-14,9.16
SPXW240214C05100000,5100.0,2024-02-14,1.65
SPXW240214C05200000,5200.0,2024-02-14,0.26
SPXW240214C05300000,5300.0,2024-02-14,0.22
SPXW240214C05400000,5400.0,2024-02-14,0.15
SPXW240215C04700000,4700.0,2024-02-15,150.84
SPXW240215C04725000,4725.0,2024-02-15,150.39
SPXW240215C04750000,4750.0,2024-02-15,103.1
SPXW240215C04800000,4800.0,2024-02-15,91.59
SPXW240215C04825000,4825.0,2024-02-15,70.98
SPXW240215C04850000,4850.0,2024-02-15,37.5
SPXW240215C04900000,4900.0,2024-02-15,36.47
SPXW240215C04925000,4925.0,2024-02-15,26.54
SPXW240215C04950000,4950.0,2024-02-15,12.03
SPXW240215C05000000,5000.0,2024-02-15,10.02
SPXW240215C05100000,5100.0,2024-02-15,1.65
SPXW240215C05200000,5200.0,2024-02-15,0.5
SPXW240215C05300000,5300.0,2024-02-15,0.35
SPXW240216C04000000,4000.0,2024-02-16,852.33
SPXW240216C04100000,4100.0,2024-02-16,701.93
SPXW240216C04300000,4300.0,2024-02-16,532.95
SPXW240216C04350000,4350.0,2024-02-16,506.27
SPXW240216C04400000,4400.0,2024-02-16,454.78
SPXW240216C04500000,4500.0,2024-02-16,355.73
SPXW240216C04550000,4550.0,2024-02-16,310.42
SPXW240216C04600000,4600.0,2024-02-16,263.33
SPXW240216C04625000,4625.0,2024-02-16,240.74
SPXW240216C04650000,4650.0,2024-02-16,215.93
SPXW240216C04700000,4700.0,2024-02-16,175.12
SPXW240216C04725000,4725.0,2024-02-16,145.48
SPXW240216C04750000,4750.0,2024-02-16,129.11
SPXW240216C04775000,4775.0,2024-02-16,109.73
SPXW240216C04800000,4800.0,2024-02-16,95.15
SPXW240216C04825000,4825.0,2024-02-16,78.4
SPXW240216C04850000,4850.0,2024-02-16,62.68
SPXW240216C04875000,4875.0,2024-02-16,49.3
SPXW240216C04900000,4900.0,2024-02-16,38.0
SPXW240216C04925000,4925.0,2024-02-16,28.5
SPXW240216C04950000,4950.0,2024-02-16,20.9
SPXW240216C04975000,4975.0,2024-02-16,15.67
SPXW240216C05000000,5000.0,2024-02-16,11.09
SPXW240216C05025000,5025.0,2024-02-16,7.72
SPXW240216C05050000,5050.0,2024-02-16,5.5
SPXW240216C05075000,5075.0,2024-02-16,2.73
SPXW240216C05100000,5100.0,2024-02-16,2.6
SPXW240216C05125000,5125.0,2024-02-16,2.15
SPXW240216C05150000,5150.0,2024-02-16,1.33
SPXW240216C05175000,5175.0,2024-02-16,1.1
SPXW240216C05200000,5200.0,2024-02-16,0.75
SPXW240216C05225000,5225.0,2024-02-16,0.6
SPXW240216C05250000,5250.0,2024-02-16,0.52
SPXW240216C05275000,5275.0,2024-02-16,0.42
SPXW240216C05300000,5300.0,2024-02-16,0.35
SPXW240216C05325000,5325.0,2024-02-16,0.3
SPXW240216C05400000,5400.0,2024-02-16,0.1
SPXW240216C05500000,5500.0,2024-02-16,0.1
SPXW240220C04625000,4625.0,2024-02-20,211.2
SPXW240220C04700000,4700.0,2024-02-20,176.87
SPXW240220C04725000,4725.0,2024-02-20,133.5
SPXW240220C04750000,4750.0,2024-02-20,108.5
SPXW240220C04775000,4775.0,2024-02-20,85.15
SPXW240220C04800000,4800.0,2024-02-20,95.76
SPXW240220C04825000,4825.0,2024-02-20,69.4
SPXW240220C04850000,4850.0,2024-02-20,63.05
SPXW240220C04875000,4875.0,2024-02-20,50.43
SPXW240220C04900000,4900.0,2024-02-20,39.23
SPXW240220C04950000,4950.0,2024-02-20,22.2
SPXW240220C05000000,5000.0,2024-02-20,12.6
SPXW240220C05100000,5100.0,2024-02-20,2.8
SPXW240220C05200000,5200.0,2024-02-20,0.95
SPXW240220C05300000,5300.0,2024-02-20,0.35
SPXW240220C05400000,5400.0,2024-02-20,0.12
SPXW240221C04750000,4750.0,2024-02-21,119.25
SPXW240221C04775000,4775.0,2024-02-21,101.0
SPXW240221C04800000,4800.0,2024-02-21,74.2
SPXW240221C04825000,4825.0,2024-02-21,80.76
SPXW240221C04850000,4850.0,2024-02-21,60.85
SPXW240221C04875000,4875.0,2024-02-21,53.65
SPXW240221C04900000,4900.0,2024-02-21,40.1
SPXW240221C04950000,4950.0,2024-02-21,23.21
SPXW240221C05000000,5000.0,2024-02-21,12.1
SPXW240221C05100000,5100.0,2024-02-21,3.2
SPXW240222C04550000,4550.0,2024-02-22,314.06
SPXW240222C04600000,4600.0,2024-02-22,266.67
SPXW240222C04625000,4625.0,2024-02-22,241.62
SPXW240222C04650000,4650.0,2024-02-22,220.63
SPXW240222C04700000,4700.0,2024-02-22,176.26
SPXW240222C04725000,4725.0,2024-02-22,137.93
SPXW240222C04750000,4750.0,2024-02-22,138.14
SPXW240222C04775000,4775.0,2024-02-22,112.31
SPXW240222C04800000,4800.0,2024-02-22,102.08
SPXW240222C04825000,4825.0,2024-02-22,83.36
SPXW240222C04850000,4850.0,2024-02-22,66.98
SPXW240222C04875000,4875.0,2024-02-22,49.46
SPXW240222C04900000,4900.0,2024-02-22,38.45
SPXW240222C04950000,4950.0,2024-02-22,26.02
SPXW240222C05000000,5000.0,2024-02-22,14.36
SPXW240222C05200000,5200.0,2024-02-22,0.72
SPXW240222C05300000,5300.0,2024-02-22,0.32
SPXW240222C05400000,5400.0,2024-02-22,0.25
SPXW240223C04625000,4625.0,2024-02-23,217.12
SPXW240223C04650000,4650.0,2024-02-23,220.0
SPXW240223C04700000,4700.0,2024-02-23,179.59
SPXW240223C04725000,4725.0,2024-02-23,159.49
SPXW240223C04750000,4750.0,2024-02-23,139.43
SPXW240223C04775000,4775.0,2024-02-23,118.37
SPXW240223C04800000,4800.0,2024-02-23,100.92
SPXW240223C04825000,4825.0,2024-02-23,85.98
SPXW240223C04850000,4850.0,2024-02-23,70.33
SPXW240223C04875000,4875.0,2024-02-23,57.12
SPXW240223C04900000,4900.0,2024-02-23,44.6
SPXW240223C04925000,4925.0,2024-02-23,34.9
SPXW240223C04950000,4950.0,2024-02-23,26.7
SPXW240223C05000000,5000.0,2024-02-23,14.71
SPXW240223C05050000,5050.0,2024-02-23,7.71
SPXW240223C05100000,5100.0,2024-02-23,4.2
SPXW240223C05150000,5150.0,2024-02-23,2.03
SPXW240223C05200000,5200.0,2024-02-23,1.15
SPXW240223C05300000,5300.0,2024-02-23,0.6
SPXW240226C04600000,4600.0,2024-02-26,271.72
SPXW240226C04650000,4650.0,2024-02-26,224.44
SPXW240226C04700000,4700.0,2024-02-26,181.72
SPXW240226C04775000,4775.0,2024-02-26,123.97
SPXW240226C04800000,4800.0,2024-02-26,102.23
SPXW240226C04825000,4825.0,2024-02-26,63.22
SPXW240226C04850000,4850.0,2024-02-26,72.12
SPXW240226C04875000,4875.0,2024-02-26,44.75
SPXW240226C04900000,4900.0,2024-02-26,42.49
SPXW240226C04950000,4950.0,2024-02-26,25.35
SPXW240226C05000000,5000.0,2024-02-26,15.2
SPXW240226C05100000,5100.0,2024-02-26,4.2
SPXW240226C05200000,5200.0,2024-02-26,1.35
SPXW240227C04550000,4550.0,2024-02-27,317.61
SPXW240227C04600000,4600.0,2024-02-27,271.47
SPXW240227C04625000,4625.0,2024-02-27,245.72
SPXW240227C04650000,4650.0,2024-02-27,224.93
SPXW240227C04700000,4700.0,2024-02-27,181.01
SPXW240227C04725000,4725.0,2024-02-27,163.29
SPXW240227C04750000,4750.0,2024-02-27,141.39
SPXW240227C04775000,4775.0,2024-02-27,123.39
SPXW240227C04800000,4800.0,2024-02-27,107.53
SPXW240227C04825000,4825.0,2024-02-27,88.37
SPXW240227C04850000,4850.0,2024-02-27,73.97
SPXW240227C04875000,4875.0,2024-02-27,61.17
SPXW240227C04900000,4900.0,2024-02-27,46.98
SPXW240227C05000000,5000.0,2024-02-27,16.48
SPXW240227C05200000,5200.0,2024-02-27,1.05
SPXW240227C05300000,5300.0,2024-02-27,0.5
SPXW240229C04000000,4000.0,2024-02-29,827.44
SPXW240229C04050000,4050.0,2024-02-29,776.33
SPXW240229C04500000,4500.0,2024-02-29,323.9
SPXW240229C04550000,4550.0,2024-02-29,313.81
SPXW240229C04600000,4600.0,2024-02-29,275.55
SPXW240229C04625000,4625.0,2024-02-29,251.5
SPXW240229C04650000,4650.0,2024-02-29,232.7
SPXW240229C04700000,4700.0,2024-02-29,188.04
SPXW240229C04750000,4750.0,2024-02-29,147.37
SPXW240229C04775000,4775.0,2024-02-29,123.4
SPXW240229C04800000,4800.0,2024-02-29,108.69
SPXW240229C04825000,4825.0,2024-02-29,92.89
SPXW240229C04850000,4850.0,2024-02-29,78.52
SPXW240229C04875000,4875.0,2024-02-29,65.71
SPXW240229C04900000,4900.0,2024-02-29,51.25
SPXW240229C04925000,4925.0,2024-02-29,40.3
SPXW240229C04950000,4950.0,2024-02-29,31.35
SPXW240229C04975000,4975.0,2024-02-29,25.1
SPXW240229C05000000,5000.0,2024-02-29,19.05
SPXW240229C05025000,5025.0,2024-02-29,14.46
SPXW240229C05050000,5050.0,2024-02-29,10.8
SPXW240229C05075000,5075.0,2024-02-29,7.37
SPXW240229C05100000,5100.0,2024-02-29,5.5
SPXW240229C05125000,5125.0,2024-02-29,4.5
SPXW240229C05150000,5150.0,2024-02-29,3.01
SPXW240229C05175000,5175.0,2024-02-29,1.2
SPXW240229C05200000,5200.0,2024-02-29,1.76
SPXW240229C05225000,5225.0,2024-02-29,1.42
SPXW240229C05250000,5250.0,2024-02-29,0.8
SPXW240229C05275000,5275.0,2024-02-29,0.8
SPXW240229C05300000,5300.0,2024-02-29,0.65
SPXW240229C05325000,5325.0,2024-02-29,0.6
SPXW240229C05350000,5350.0,2024-02-29,0.55
SPXW240229C05400000,5400.0,2024-02-29,0.4
SPXW240229C05500000,5500.0,2024-02-29,0.17
SPXW240301C04000000,4000.0,2024-03-01,825.98
SPXW240301C04050000,4050.0,2024-03-01,778.34
SPXW240301C04100000,4100.0,2024-03-01,727.21
SPXW240301C04500000,4500.0,2024-03-01,322.1
SPXW240301C04550000,4550.0,2024-03-01,315.93
SPXW240301C04700000,4700.0,2024-03-01,189.62
SPXW240301C04750000,4750.0,2024-03-01,123.5
SPXW240301C04775000,4775.0,2024-03-01,129.71
SPXW240301C04800000,4800.0,2024-03-01,109.92
SPXW240301C04825000,4825.0,2024-03-01,93.35
SPXW240301C04850000,4850.0,2024-03-01,79.28
SPXW240301C04875000,4875.0,2024-03-01,64.15
SPXW240301C04900000,4900.0,2024-03-01,52.3
SPXW240301C04925000,4925.0,2024-03-01,42.1
SPXW240301C04950000,4950.0,2024-03-01,32.48
SPXW240301C05000000,5000.0,2024-03-01,19.23
SPXW240301C05050000,5050.0,2024-03-01,11.31
SPXW240301C05100000,5100.0,2024-03-01,5.8
SPXW240301C05150000,5150.0,2024-03-01,3.2
SPXW240301C05200000,5200.0,2024-03-01,1.9
SPXW240301C05300000,5300.0,2024-03-01,0.75
SPXW240301C05600000,5600.0,2024-03-01,0.2
SPXW240304C04750000,4750.0,2024-03-04,150.62
SPXW240304C04775000,4775.0,2024-03-04,102.52
SPXW240304C04800000,4800.0,2024-03-04,112.6
SPXW240304C04825000,4825.0,2024-03-04,92.45
SPXW240304C04850000,4850.0,2024-03-04,79.6
SPXW240304C04900000,4900.0,2024-03-04,53.95
SPXW240304C04950000,4950.0,2024-03-04,34.52
SPXW240304C05000000,5000.0,2024-03-04,20.69
SPXW240304C05100000,5100.0,2024-03-04,5.84
SPXW240304C05200000,5200.0,2024-03-04,2.05
SPXW240304C05300000,5300.0,2024-03-04,0.9
SPXW240304C05400000,5400.0,2024-03-04,0.38
SPXW240315C04000000,4000.0,2024-03-15,863.18
SPXW240315C04100000,4100.0,2024-03-15,765.18
SPXW240315C04300000,4300.0,2024-03-15,541.61
SPXW240315C04350000,4350.0,2024-03-15,525.94
SPXW240315C04400000,4400.0,2024-03-15,476.57
SPXW240315C04500000,4500.0,2024-03-15,360.35
SPXW240315C04600000,4600.0,2024-03-15,289.39
SPXW240315C04650000,4650.0,2024-03-15,212.96
SPXW240315C04700000,4700.0,2024-03-15,202.0
SPXW240315C04725000,4725.0,2024-03-15,156.3
SPXW240315C04750000,4750.0,2024-03-15,168.7
SPXW240315C04775000,4775.0,2024-03-15,149.2
SPXW240315C04800000,4800.0,2024-03-15,128.92
SPXW240315C04825000,4825.0,2024-03-15,114.5
SPXW240315C04850000,4850.0,2024-03-15,98.7
SPXW240315C04875000,4875.0,2024-03-15,81.5
SPXW240315C04900000,4900.0,2024-03-15,68.7
SPXW240315C04925000,4925.0,2024-03-15,56.8
SPXW240315C04950000,4950.0,2024-03-15,48.4
SPXW240315C04975000,4975.0,2024-03-15,38.3
SPXW240315C05000000,5000.0,2024-03-15,31.45
SPXW240315C05025000,5025.0,2024-03-15,24.7
SPXW240315C05050000,5050.0,2024-03-15,18.8
SPXW240315C05075000,5075.0,2024-03-15,15.14
SPXW240315C05100000,5100.0,2024-03-15,11.52
SPXW240315C05125000,5125.0,2024-03-15,8.39
SPXW240315C05150000,5150.0,2024-03-15,6.95
SPXW240315C05175000,5175.0,2024-03-15,4.91
SPXW240315C05200000,5200.0,2024-03-15,4.2
SPXW240315C05225000,5225.0,2024-03-15,2.98
SPXW240315C05250000,5250.0,2024-03-15,2.45
SPXW240315C05275000,5275.0,2024-03-15,1.25
SPXW240315C05300000,5300.0,2024-03-15,1.63
SPXW240315C05325000,5325.0,2024-03-15,1.35
SPXW240315C05400000,5400.0,2024-03-15,0.75
SPXW240315C05500000,5500.0,2024-03-15,0.46
SPXW240328C04000000,4000.0,2024-03-28,833.75
SPXW240328C04150000,4150.0,2024-03-28,682.91
SPXW240328C04400000,4400.0,2024-03-28,446.2
SPXW240328C04500000,4500.0,2024-03-28,395.52
SPXW240328C04600000,4600.0,2024-03-28,266.62
SPXW240328C04650000,4650.0,2024-03-28,263.18
SPXW240328C04700000,4700.0,2024-03-28,220.95
SPXW240328C04750000,4750.0,2024-03-28,183.75
SPXW240328C04800000,4800.0,2024-03-28,146.81
SPXW240328C04825000,4825.0,2024-03-28,128.2
SPXW240328C04850000,4850.0,2024-03-28,112.76
SPXW240328C04875000,4875.0,2024-03-28,96.9
SPXW240328C04900000,4900.0,2024-03-28,85.14
SPXW240328C04925000,4925.0,2024-03-28,68.5
SPXW240328C04950000,4950.0,2024-03-28,61.5
SPXW240328C04975000,4975.0,2024-03-28,50.53
SPXW240328C05000000,5000.0,2024-03-28,41.6
SPXW240328C05025000,5025.0,2024-03-28,33.01
SPXW240328C05050000,5050.0,2024-03-28,18.8
SPXW240328C05075000,5075.0,2024-03-28,21.9
SPXW240328C05100000,5100.0,2024-03-28,17.21
SPXW240328C05125000,5125.0,2024-03-28,10.72
SPXW240328C05150000,5150.0,2024-03-28,11.29
SPXW240328C05200000,5200.0,2024-03-28,6.77
SPXW240328C05225000,5225.0,2024-03-28,3.1
SPXW240328C05250000,5250.0,2024-03-28,4.2
SPXW240328C05300000,5300.0,2024-03-28,2.8
SPXW240328C05350000,5350.0,2024-03-28,1.1
SPXW240328C05375000,5375.0,2024-03-28,1.64
SPXW240328C05400000,5400.0,2024-03-28,1.35
SPXW240328C05450000,5450.0,2024-03-28,0.99
SPXW240328C05500000,5500.0,2024-03-28,0.8
SPXW240328C05550000,5550.0,2024-03-28,0.5
SPXW240419C04000000,4000.0,2024-04-19,848.8
SPXW240419C04300000,4300.0,2024-04-19,556.1
SPXW240419C04350000,4350.0,2024-04-19,521.3
SPXW240419C04400000,4400.0,2024-04-19,474.9
SPXW240419C04600000,4600.0,2024-04-19,296.0
SPXW240419C04625000,4625.0,2024-04-19,272.5
SPXW240419C04700000,4700.0,2024-04-19,237.41
SPXW240419C04725000,4725.0,2024-04-19,228.2
SPXW240419C04750000,4750.0,2024-04-19,203.69
SPXW240419C04775000,4775.0,2024-04-19,188.2
SPXW240419C04800000,4800.0,2024-04-19,169.26
SPXW240419C04825000,4825.0,2024-04-19,152.15
SPXW240419C04850000,4850.0,2024-04-19,137.24
SPXW240419C04875000,4875.0,2024-04-19,120.81
SPXW240419C04900000,4900.0,2024-04-19,106.29
SPXW240419C04925000,4925.0,2024-04-19,94.28
SPXW240419C04950000,4950.0,2024-04-19,80.19
SPXW240419C04975000,4975.0,2024-04-19,69.2
SPXW240419C05000000,5000.0,2024-04-19,60.14
SPXW240419C05025000,5025.0,2024-04-19,50.5
SPXW240419C05050000,5050.0,2024-04-19,41.8
SPXW240419C05075000,5075.0,2024-04-19,25.8
SPXW240419C05100000,5100.0,2024-04-19,29.3
SPXW240419C05125000,5125.0,2024-04-19,16.1
SPXW240419C05150000,5150.0,2024-04-19,19.94
SPXW240419C05175000,5175.0,2024-04-19,16.4
SPXW240419C05200000,5200.0,2024-04-19,13.5
SPXW240419C05225000,5225.0,2024-04-19,6.78
SPXW240419C05250000,5250.0,2024-04-19,9.0
SPXW240419C05275000,5275.0,2024-04-19,4.55
SPXW240419C05300000,5300.0,2024-04-19,5.75
SPXW240419C05325000,5325.0,2024-04-19,3.72
SPXW240419C05375000,5375.0,2024-04-19,2.93
SPXW240419C05450000,5450.0,2024-04-19,1.6
SPXW240419C05500000,5500.0,2024-04-19,1.45
SPXW240430C04550000,4550.0,2024-04-30,343.0
SPXW240430C04600000,4600.0,2024-04-30,339.0
SPXW240430C04650000,4650.0,2024-04-30,264.0
SPXW240430C04700000,4700.0,2024-04-30,224.97
SPXW240430C04750000,4750.0,2024-04-30,215.0
SPXW240430C04850000,4850.0,2024-04-30,148.11
SPXW240430C04875000,4875.0,2024-04-30,112.14
SPXW240430C04900000,4900.0,2024-04-30,111.69
SPXW240430C04950000,4950.0,2024-04-30,77.7
SPXW240430C05000000,5000.0,2024-04-30,69.27
SPXW240430C05050000,5050.0,2024-04-30,41.39
SPXW240430C05075000,5075.0,2024-04-30,33.12
SPXW240430C05175000,5175.0,2024-04-30,15.16
SPXW240430C05200000,5200.0,2024-04-30,15.0
SPXW240430C05225000,5225.0,2024-04-30,10.89
SPXW240430C05250000,5250.0,2024-04-30,11.1
SPXW240430C05300000,5300.0,2024-04-30,5.2
SPXW240430C05350000,5350.0,2024-04-30,4.9
SPXW240430C05400000,5400.0,2024-04-30,3.5
SPXW240430C05450000,5450.0,2024-04-30,2.35
SPXW240430C05500000,5500.0,2024-04-30,1.35
SPXW240517C03900000,3900.0,2024-05-17,953.78
SPXW240517C04600000,4600.0,2024-05-17,320.06
SPXW240517C04700000,4700.0,2024-05-17,264.7
SPXW240517C04800000,4800.0,2024-05-17,178.62
SPXW240517C04825000,4825.0,2024-05-17,181.97
SPXW240517C04850000,4850.0,2024-05-17,167.23
SPXW240517C04875000,4875.0,2024-05-17,138.55
SPXW240517C04900000,4900.0,2024-05-17,132.6
SPXW240517C04950000,4950.0,2024-05-17,108.94
SPXW240517C04975000,4975.0,2024-05-17,82.99
SPXW240517C05000000,5000.0,2024-05-17,85.87
SPXW240517C05075000,5075.0,2024-05-17,54.61
SPXW240517C05100000,5100.0,2024-05-17,39.7
SPXW240517C05125000,5125.0,2024-05-17,36.57
SPXW240517C05150000,5150.0,2024-05-17,34.3
SPXW240517C05175000,5175.0,2024-05-17,29.4
SPXW240517C05200000,5200.0,2024-05-17,18.81
SPXW240517C05225000,5225.0,2024-05-17,20.82
SPXW240517C05250000,5250.0,2024-05-17,12.4
SPXW240517C05275000,5275.0,2024-05-17,13.42
SPXW240517C05300000,5300.0,2024-05-17,8.9
SPXW240517C05325000,5325.0,2024-05-17,9.99
SPXW240517C05400000,5400.0,2024-05-17,5.52
SPXW240517C05450000,5450.0,2024-05-17,3.92
SPXW240517C05500000,5500.0,2024-05-17,2.15
SPXW240517C05600000,5600.0,2024-05-17,1.68
SPXW240531C04300000,4300.0,2024-05-31,631.08
SPXW240531C04500000,4500.0,2024-05-31,452.0
SPXW240531C04600000,4600.0,2024-05-31,367.54
SPXW240531C04775000,4775.0,2024-05-31,208.37
SPXW240531C04800000,4800.0,2024-05-31,201.78
SPXW240531C04850000,4850.0,2024-05-31,165.55
SPXW240531C04875000,4875.0,2024-05-31,157.02
SPXW240531C04900000,4900.0,2024-05-31,142.17
SPXW240531C04925000,4925.0,2024-05-31,133.69
SPXW240531C04950000,4950.0,2024-05-31,119.36
SPXW240531C05000000,5000.0,2024-05-31,96.8
SPXW240531C05050000,5050.0,2024-05-31,63.38
SPXW240531C05100000,5100.0,2024-05-31,56.31
SPXW240531C05300000,5300.0,2024-05-31,16.39
SPXW240531C05400000,5400.0,2024-05-31,8.05
SPXW240621C03900000,3900.0,2024-06-21,973.18
SPXW240621C04300000,4300.0,2024-06-21,610.1
SPXW240621C04500000,4500.0,2024-06-21,436.09
SPXW240621C04700000,4700.0,2024-06-21,306.42
SPXW240621C04800000,4800.0,2024-06-21,234.23
SPXW240621C04825000,4825.0,2024-06-21,192.97
SPXW240621C04850000,4850.0,2024-06-21,200.1
SPXW240621C04875000,4875.0,2024-06-21,184.15
SPXW240621C04900000,4900.0,2024-06-21,162.17
SPXW240621C04925000,4925.0,2024-06-21,152.46
SPXW240621C04950000,4950.0,2024-06-21,141.19
SPXW240621C04975000,4975.0,2024-06-21,127.17
SPXW240621C05000000,5000.0,2024-06-21,96.3
SPXW240621C05050000,5050.0,2024-06-21,81.3
SPXW240621C05075000,5075.0,2024-06-21,70.9
SPXW240621C05100000,5100.0,2024-06-21,70.5
SPXW240621C05125000,5125.0,2024-06-21,63.3
SPXW240621C05150000,5150.0,2024-06-21,56.2
SPXW240621C05175000,5175.0,2024-06-21,48.0
SPXW240621C05200000,5200.0,2024-06-21,42.56
SPXW240621C05300000,5300.0,2024-06-21,23.0
SPXW240621C05400000,5400.0,2024-06-21,9.0
SPXW240621C05500000,5500.0,2024-06-21,6.39
SPXW240628C04100000,4100.0,2024-06-28,823.46
SPXW240628C04300000,4300.0,2024-06-28,646.7
SPXW240628C04350000,4350.0,2024-06-28,607.9
SPXW240628C04400000,4400.0,2024-06-28,554.1
SPXW240628C04500000,4500.0,2024-06-28,478.0
SPXW240628C04600000,4600.0,2024-06-28,393.0
SPXW240628C04650000,4650.0,2024-06-28,322.1
SPXW240628C04700000,4700.0,2024-06-28,303.74
SPXW240628C04725000,4725.0,2024-06-28,262.69
SPXW240628C04750000,4750.0,2024-06-28,275.0
SPXW240628C04775000,4775.0,2024-06-28,228.18
SPXW240628C04800000,4800.0,2024-06-28,240.4
SPXW240628C04825000,4825.0,2024-06-28,215.91
SPXW240628C04900000,4900.0,2024-06-28,167.52
SPXW240628C04950000,4950.0,2024-06-28,130.6
SPXW240628C04975000,4975.0,2024-06-28,128.82
SPXW240628C05000000,5000.0,2024-06-28,118.73
SPXW240628C05050000,5050.0,2024-06-28,95.58
SPXW240628C05075000,5075.0,2024-06-28,70.98
SPXW240628C05125000,5125.0,2024-06-28,63.21
SPXW240628C05175000,5175.0,2024-06-28,53.18
SPXW240628C05200000,5200.0,2024-06-28,45.6
SPXW240628C05225000,5225.0,2024-06-28,39.55
SPXW240628C05250000,5250.0,2024-06-28,35.1
SPXW240628C05300000,5300.0,2024-06-28,19.4
SPXW240628C05350000,5350.0,2024-06-28,19.0
SPXW240628C05400000,5400.0,2024-06-28,14.02
SPXW240628C05450000,5450.0,2024-06-28,9.91
SPXW240628C05500000,5500.0,2024-06-28,7.3
SPXW240628C05550000,5550.0,2024-06-28,3.95
SPXW240628C05600000,5600.0,2024-06-28,3.8
SPXW240628C05650000,5650.0,2024-06-28,3.1
SPXW240628C05700000,5700.0,2024-06-28,2.24
SPXW240930C04000000,4000.0,2024-09-30,984.29
SPXW240930C04025000,4025.0,2024-09-30,960.66
SPXW240930C04600000,4600.0,2024-09-30,465.04
SPXW240930C04625000,4625.0,2024-09-30,452.87
SPXW240930C04650000,4650.0,2024-09-30,431.94
SPXW240930C04700000,4700.0,2024-09-30,370.61
SPXW240930C04725000,4725.0,2024-09-30,345.51
SPXW240930C04750000,4750.0,2024-09-30,359.89
SPXW240930C04775000,4775.0,2024-09-30,337.96
SPXW240930C04800000,4800.0,2024-09-30,325.37
SPXW240930C04825000,4825.0,2024-09-30,308.17
SPXW240930C04850000,4850.0,2024-09-30,289.51
SPXW240930C04875000,4875.0,2024-09-30,271.36
SPXW240930C04900000,4900.0,2024-09-30,239.13
SPXW240930C04950000,4950.0,2024-09-30,226.0
SPXW240930C05025000,5025.0,2024-09-30,172.3
SPXW240930C05050000,5050.0,2024-09-30,170.23
SPXW240930C05100000,5100.0,2024-09-30,143.2
SPXW240930C05125000,5125.0,2024-09-30,121.1
SPXW240930C05150000,5150.0,2024-09-30,120.85
SPXW240930C05200000,5200.0,2024-09-30,100.85
SPXW240930C05250000,5250.0,2024-09-30,78.57
SPXW240930C05300000,5300.0,2024-09-30,63.97
SPXW240930C05350000,5350.0,2024-09-30,50.31
SPXW240930C05400000,5400.0,2024-09-30,44.5
SPXW240930C05450000,5450.0,2024-09-30,35.69
SPXW240930C05500000,5500.0,2024-09-30,28.16
SPXW240930C05600000,5600.0,2024-09-30,13.43
SPXW240930C05700000,5700.0,2024-09-30,10.29
SPXW241231C04000000,4000.0,2024-12-31,998.23
SPXW241231C04400000,4400.0,2024-12-31,697.86
SPXW241231C04800000,4800.0,2024-12-31,402.87
SPXW241231C04825000,4825.0,2024-12-31,385.97
SPXW241231C04850000,4850.0,2024-12-31,369.73
SPXW241231C04875000,4875.0,2024-12-31,319.45
SPXW241231C04900000,4900.0,2024-12-31,307.45
SPXW241231C04925000,4925.0,2024-12-31,317.5
SPXW241231C04975000,4975.0,2024-12-31,260.88
SPXW241231C05000000,5000.0,2024-12-31,273.4
SPXW241231C05025000,5025.0,2024-12-31,237.5
SPXW241231C05050000,5050.0,2024-12-31,242.2
SPXW241231C05075000,5075.0,2024-12-31,210.84
SPXW241231C05100000,5100.0,2024-12-31,207.32
SPXW241231C05125000,5125.0,2024-12-31,205.15
SPXW241231C05200000,5200.0,2024-12-31,164.0
SPXW241231C05225000,5225.0,2024-12-31,156.2
SPXW241231C05250000,5250.0,2024-12-31,146.0
SPXW241231C05300000,5300.0,2024-12-31,123.4
SPXW241231C05325000,5325.0,2024-12-31,115.4
SPXW241231C05350000,5350.0,2024-12-31,97.59
SPXW241231C05375000,5375.0,2024-12-31,89.87
SPXW241231C05400000,5400.0,2024-12-31,82.72
SPXW241231C05500000,5500.0,2024-12-31,64.0
SPXW241231C05700000,5700.0,2024-12-31,31.1
